precinct,candidate_1,votes_1,percent_votes_1,candidate_2,votes_2,percent_votes_2,candidate_3,votes_3,percent_votes_3,candidate_4,votes_4,percent_votes_4,candidate_5,votes_5,percent_votes_5,candidate_6,votes_6,percent_votes_6
01-001,Jaime Kiersten Brennan,906,19,Janie Monier,884,18,Josh Bokee,853,18,Colt Morningstar Black,829,17,"Chad King Wilson, Sr.",762,16,Veronica D. Lowe,599,12
01-002,Janie Monier,1419,19,Josh Bokee,1369,18,"Chad King Wilson, Sr.",1318,17,Veronica D. Lowe,1302,17,Jaime Kiersten Brennan,1157,15,Colt Morningstar Black,994,13
01-003,Jaime Kiersten Brennan,605,19,Colt Morningstar Black,569,18,Janie Monier,563,18,Josh Bokee,530,17,"Chad King Wilson, Sr.",482,15,Veronica D. Lowe,365,12
02-001,Josh Bokee,950,21,Janie Monier,901,20,"Chad King Wilson, Sr.",868,19,Veronica D. Lowe,849,19,Jaime Kiersten Brennan,577,13,Colt Morningstar Black,427,9
02-002,Josh Bokee,462,23,Janie Monier,439,22,"Chad King Wilson, Sr.",411,21,Veronica D. Lowe,278,14,Jaime Kiersten Brennan,211,11,Colt Morningstar Black,187,9
02-003,Josh Bokee,1382,24,Janie Monier,1304,23,"Chad King Wilson, Sr.",1168,20,Veronica D. Lowe,709,12,Jaime Kiersten Brennan,630,11,Colt Morningstar Black,540,9
02-004,Veronica D. Lowe,1249,20,Janie Monier,1104,18,Josh Bokee,1068,17,"Chad King Wilson, Sr.",1003,16,Jaime Kiersten Brennan,873,14,Colt Morningstar Black,818,13
02-005,Josh Bokee,1885,26,Janie Monier,1753,24,"Chad King Wilson, Sr.",1624,22,Veronica D. Lowe,793,11,Jaime Kiersten Brennan,674,9,Colt Morningstar Black,586,8
02-006,Jaime Kiersten Brennan,779,18,Janie Monier,764,18,Josh Bokee,730,17,Veronica D. Lowe,686,16,"Chad King Wilson, Sr.",658,15,Colt Morningstar Black,647,15
02-007,Josh Bokee,1523,22,Janie Monier,1493,21,"Chad King Wilson, Sr.",1341,19,Veronica D. Lowe,1044,15,Jaime Kiersten Brennan,852,12,Colt Morningstar Black,746,11
02-008,Josh Bokee,1237,19,Veronica D. Lowe,1204,19,Janie Monier,1153,18,"Chad King Wilson, Sr.",1113,17,Jaime Kiersten Brennan,883,14,Colt Morningstar Black,823,13
02-010,Josh Bokee,1413,19,Janie Monier,1364,19,"Chad King Wilson, Sr.",1263,17,Veronica D. Lowe,1202,16,Jaime Kiersten Brennan,1131,15,Colt Morningstar Black,952,13
02-011,Josh Bokee,917,21,Janie Monier,872,20,"Chad King Wilson, Sr.",840,19,Veronica D. Lowe,634,15,Jaime Kiersten Brennan,562,13,Colt Morningstar Black,493,11
02-013,Veronica D. Lowe,1746,21,Josh Bokee,1511,18,Janie Monier,1481,18,"Chad King Wilson, Sr.",1394,17,Jaime Kiersten Brennan,1112,14,Colt Morningstar Black,934,11
02-014,Janie Monier,813,19,Josh Bokee,793,19,"Chad King Wilson, Sr.",743,18,Veronica D. Lowe,675,16,Jaime Kiersten Brennan,633,15,Colt Morningstar Black,527,13
02-015,Janie Monier,1768,20,Josh Bokee,1718,20,"Chad King Wilson, Sr.",1571,18,Veronica D. Lowe,1316,15,Jaime Kiersten Brennan,1237,14,Colt Morningstar Black,1080,12
02-016,Veronica D. Lowe,576,20,Janie Monier,509,18,Josh Bokee,497,18,"Chad King Wilson, Sr.",486,17,Jaime Kiersten Brennan,412,15,Colt Morningstar Black,335,12
02-018,Janie Monier,635,20,Josh Bokee,578,18,"Chad King Wilson, Sr.",574,18,Veronica D. Lowe,536,17,Jaime Kiersten Brennan,470,15,Colt Morningstar Black,367,12
03-001,Colt Morningstar Black,1485,20,Jaime Kiersten Brennan,1468,20,Janie Monier,1267,17,Josh Bokee,1197,16,"Chad King Wilson, Sr.",1158,16,Veronica D. Lowe,760,10
03-002,Colt Morningstar Black,1247,21,Jaime Kiersten Brennan,1230,21,Janie Monier,1038,17,Josh Bokee,989,17,"Chad King Wilson, Sr.",911,15,Veronica D. Lowe,536,9
04-001,Colt Morningstar Black,385,30,Jaime Kiersten Brennan,334,26,Janie Monier,162,13,Josh Bokee,157,12,"Chad King Wilson, Sr.",134,10,Veronica D. Lowe,119,9
05-001,Colt Morningstar Black,1279,28,Jaime Kiersten Brennan,1027,22,Janie Monier,620,13,Josh Bokee,607,13,Veronica D. Lowe,569,12,"Chad King Wilson, Sr.",526,11
05-002,Colt Morningstar Black,154,32,Jaime Kiersten Brennan,128,27,Janie Monier,55,11,Josh Bokee,54,11,Veronica D. Lowe,48,10,"Chad King Wilson, Sr.",44,9
06-001,Colt Morningstar Black,812,31,Jaime Kiersten Brennan,704,27,Josh Bokee,321,12,Janie Monier,312,12,"Chad King Wilson, Sr.",273,10,Veronica D. Lowe,230,9
07-001,Janie Monier,999,19,Jaime Kiersten Brennan,946,18,Josh Bokee,893,17,Colt Morningstar Black,887,17,"Chad King Wilson, Sr.",816,16,Veronica D. Lowe,715,14
07-002,Janie Monier,1608,20,Josh Bokee,1500,19,"Chad King Wilson, Sr.",1396,17,Jaime Kiersten Brennan,1301,16,Colt Morningstar Black,1126,14,Veronica D. Lowe,1119,14
07-003,Colt Morningstar Black,877,19,Jaime Kiersten Brennan,847,19,Janie Monier,825,18,Josh Bokee,772,17,"Chad King Wilson, Sr.",708,16,Veronica D. Lowe,491,11
07-004,Janie Monier,944,20,Josh Bokee,823,18,"Chad King Wilson, Sr.",774,17,Jaime Kiersten Brennan,750,16,Colt Morningstar Black,670,15,Veronica D. Lowe,644,14
07-007,Janie Monier,413,20,"Chad King Wilson, Sr.",364,17,Josh Bokee,353,17,Jaime Kiersten Brennan,336,16,Veronica D. Lowe,317,15,Colt Morningstar Black,313,15
08-001,Colt Morningstar Black,772,27,Jaime Kiersten Brennan,709,25,Janie Monier,400,14,"Chad King Wilson, Sr.",356,12,Josh Bokee,351,12,Veronica D. Lowe,304,11
09-001,Jaime Kiersten Brennan,1054,20,Colt Morningstar Black,1014,19,Janie Monier,1001,19,Josh Bokee,860,16,"Chad King Wilson, Sr.",815,15,Veronica D. Lowe,560,11
09-002,Jaime Kiersten Brennan,1734,21,Colt Morningstar Black,1652,20,Janie Monier,1412,17,Josh Bokee,1283,15,"Chad King Wilson, Sr.",1165,14,Veronica D. Lowe,1049,13
09-003,Janie Monier,823,19,Josh Bokee,793,18,Jaime Kiersten Brennan,738,17,"Chad King Wilson, Sr.",736,17,Colt Morningstar Black,693,16,Veronica D. Lowe,644,15
09-004,Jaime Kiersten Brennan,1216,22,Colt Morningstar Black,1202,22,Janie Monier,927,17,Josh Bokee,865,15,"Chad King Wilson, Sr.",775,14,Veronica D. Lowe,604,11
09-005,Colt Morningstar Black,506,19,Jaime Kiersten Brennan,505,19,Janie Monier,488,19,Josh Bokee,443,17,"Chad King Wilson, Sr.",419,16,Veronica D. Lowe,273,10
09-006,Janie Monier,1585,19,Josh Bokee,1483,18,Jaime Kiersten Brennan,1368,17,"Chad King Wilson, Sr.",1331,16,Colt Morningstar Black,1282,16,Veronica D. Lowe,1093,13
09-007,Jaime Kiersten Brennan,1774,19,Janie Monier,1736,18,Colt Morningstar Black,1662,18,Josh Bokee,1631,17,"Chad King Wilson, Sr.",1496,16,Veronica D. Lowe,1118,12
10-001,Colt Morningstar Black,369,32,Jaime Kiersten Brennan,305,27,Josh Bokee,143,13,Janie Monier,124,11,"Chad King Wilson, Sr.",110,10,Veronica D. Lowe,88,8
10-002,Colt Morningstar Black,361,31,Jaime Kiersten Brennan,323,27,Janie Monier,134,11,"Chad King Wilson, Sr.",124,11,Josh Bokee,120,10,Veronica D. Lowe,114,10
11-001,Colt Morningstar Black,1049,29,Jaime Kiersten Brennan,918,25,Janie Monier,496,14,Josh Bokee,485,13,"Chad King Wilson, Sr.",389,11,Veronica D. Lowe,333,9
12-001,Jaime Kiersten Brennan,1143,19,Colt Morningstar Black,1090,18,Josh Bokee,1027,17,Janie Monier,1011,17,"Chad King Wilson, Sr.",988,16,Veronica D. Lowe,852,14
13-001,Janie Monier,1622,18,Jaime Kiersten Brennan,1599,18,Josh Bokee,1576,18,Colt Morningstar Black,1506,17,"Chad King Wilson, Sr.",1472,17,Veronica D. Lowe,1009,11
13-003,Jaime Kiersten Brennan,224,20,Colt Morningstar Black,188,17,Janie Monier,182,17,Josh Bokee,182,17,"Chad King Wilson, Sr.",166,15,Veronica D. Lowe,161,15
14-001,Colt Morningstar Black,1435,22,Jaime Kiersten Brennan,1427,21,Janie Monier,1116,17,Josh Bokee,1037,16,"Chad King Wilson, Sr.",932,14,Veronica D. Lowe,722,11
15-001,Colt Morningstar Black,349,31,Jaime Kiersten Brennan,289,26,Janie Monier,149,13,Josh Bokee,123,11,"Chad King Wilson, Sr.",111,10,Veronica D. Lowe,98,9
15-002,Colt Morningstar Black,2251,27,Jaime Kiersten Brennan,2027,25,Janie Monier,1124,14,Josh Bokee,1042,13,"Chad King Wilson, Sr.",965,12,Veronica D. Lowe,825,10
15-003,Colt Morningstar Black,38,40,Jaime Kiersten Brennan,24,25,Veronica D. Lowe,10,11,Josh Bokee,9,9,"Chad King Wilson, Sr.",7,7,Janie Monier,7,7
16-001,Colt Morningstar Black,1213,23,Jaime Kiersten Brennan,1191,22,Janie Monier,846,16,Josh Bokee,794,15,"Chad King Wilson, Sr.",763,14,Veronica D. Lowe,495,9
17-001,Colt Morningstar Black,658,29,Jaime Kiersten Brennan,529,24,Janie Monier,285,13,"Chad King Wilson, Sr.",269,12,Josh Bokee,267,12,Veronica D. Lowe,224,10
18-001,Jaime Kiersten Brennan,952,23,Colt Morningstar Black,844,20,Janie Monier,712,17,Josh Bokee,628,15,"Chad King Wilson, Sr.",578,14,Veronica D. Lowe,434,10
18-002,Jaime Kiersten Brennan,1801,24,Colt Morningstar Black,1777,24,Janie Monier,1176,16,Josh Bokee,1071,14,"Chad King Wilson, Sr.",952,13,Veronica D. Lowe,771,10
19-001,Colt Morningstar Black,539,28,Jaime Kiersten Brennan,469,24,Janie Monier,262,14,Josh Bokee,248,13,"Chad King Wilson, Sr.",214,11,Veronica D. Lowe,202,10
20-001,Colt Morningstar Black,966,27,Jaime Kiersten Brennan,889,24,Josh Bokee,512,14,Janie Monier,477,13,"Chad King Wilson, Sr.",449,12,Veronica D. Lowe,344,9
21-001,Jaime Kiersten Brennan,760,18,Colt Morningstar Black,758,18,Janie Monier,757,18,Josh Bokee,741,18,"Chad King Wilson, Sr.",622,15,Veronica D. Lowe,492,12
21-002,Josh Bokee,783,21,Janie Monier,778,20,"Chad King Wilson, Sr.",695,18,Veronica D. Lowe,555,15,Jaime Kiersten Brennan,526,14,Colt Morningstar Black,464,12
21-003,Josh Bokee,1696,18,Janie Monier,1660,18,Veronica D. Lowe,1603,17,Jaime Kiersten Brennan,1539,16,"Chad King Wilson, Sr.",1508,16,Colt Morningstar Black,1342,14
21-009,Veronica D. Lowe,129,20,Josh Bokee,117,18,Janie Monier,116,18,"Chad King Wilson, Sr.",114,17,Jaime Kiersten Brennan,104,16,Colt Morningstar Black,80,12
22-001,Colt Morningstar Black,403,21,Jaime Kiersten Brennan,373,19,Janie Monier,322,17,"Chad King Wilson, Sr.",307,16,Josh Bokee,305,16,Veronica D. Lowe,214,11
23-001,Jaime Kiersten Brennan,512,22,Colt Morningstar Black,472,20,Janie Monier,367,16,"Chad King Wilson, Sr.",348,15,Josh Bokee,346,15,Veronica D. Lowe,269,12
23-002,Janie Monier,9,24,Veronica D. Lowe,8,21,Josh Bokee,6,16,"Chad King Wilson, Sr.",5,13,Colt Morningstar Black,5,13,Jaime Kiersten Brennan,5,13
23-005,Veronica D. Lowe,1113,18,Janie Monier,1080,18,Josh Bokee,1044,17,"Chad King Wilson, Sr.",1006,17,Jaime Kiersten Brennan,982,16,Colt Morningstar Black,855,14
24-001,Janie Monier,788,19,"Chad King Wilson, Sr.",731,18,Josh Bokee,727,18,Jaime Kiersten Brennan,705,17,Colt Morningstar Black,702,17,Veronica D. Lowe,433,11
24-002,Janie Monier,675,18,Jaime Kiersten Brennan,633,17,Josh Bokee,633,17,"Chad King Wilson, Sr.",625,17,Veronica D. Lowe,613,16,Colt Morningstar Black,538,14
25-001,Janie Monier,1026,18,Jaime Kiersten Brennan,976,17,Colt Morningstar Black,958,17,Josh Bokee,930,17,"Chad King Wilson, Sr.",903,16,Veronica D. Lowe,811,14
26-001,Colt Morningstar Black,1250,20,Jaime Kiersten Brennan,1237,20,Janie Monier,1070,17,Josh Bokee,1048,17,"Chad King Wilson, Sr.",960,15,Veronica D. Lowe,734,12
26-002,Jaime Kiersten Brennan,999,21,Colt Morningstar Black,990,21,Janie Monier,770,16,Josh Bokee,758,16,"Chad King Wilson, Sr.",728,15,Veronica D. Lowe,577,12
