"precinct","candidate_1","candidate_2","candidate_3","candidate_4","candidate_5","candidate_6","votes_1","votes_2","votes_3","votes_4","votes_5","votes_6","party_1","party_2","party_3","party_4","party_5","party_6","total_votes","percent_votes_1","percent_votes_2","percent_votes_3","percent_votes_4","percent_votes_5","percent_votes_6"
"01-001","Jaime Kiersten Brennan","Janie Monier","Josh Bokee","Colt Morningstar Black","Chad King Wilson, Sr.","Veronica D. Lowe",906,884,853,829,762,599,"republican","democrat","democrat","republican","democrat","democrat",4833,18.7461204220981,18.290916614939,17.6494930684875,17.1529070970412,15.7666045934202,12.3939582040141
"01-002","Janie Monier","Josh Bokee","Chad King Wilson, Sr.","Veronica D. Lowe","Jaime Kiersten Brennan","Colt Morningstar Black",1419,1369,1318,1302,1157,994,"democrat","democrat","democrat","democrat","republican","republican",7559,18.7723243815319,18.1108612250298,17.4361688053975,17.2245005953168,15.3062574414605,13.1498875512634
"01-003","Jaime Kiersten Brennan","Colt Morningstar Black","Janie Monier","Josh Bokee","Chad King Wilson, Sr.","Veronica D. Lowe",605,569,563,530,482,365,"republican","republican","democrat","democrat","democrat","democrat",3114,19.4283879254978,18.2723185613359,18.0796403339756,17.0199100834939,15.4784842646114,11.7212588310854
"02-001","Josh Bokee","Janie Monier","Chad King Wilson, Sr.","Veronica D. Lowe","Jaime Kiersten Brennan","Colt Morningstar Black",950,901,868,849,577,427,"democrat","democrat","democrat","democrat","republican","republican",4572,20.7786526684164,19.7069116360455,18.9851268591426,18.5695538057743,12.6202974628171,9.33945756780402
"02-002","Josh Bokee","Janie Monier","Chad King Wilson, Sr.","Veronica D. Lowe","Jaime Kiersten Brennan","Colt Morningstar Black",462,439,411,278,211,187,"democrat","democrat","democrat","democrat","republican","republican",1988,23.2394366197183,22.0824949698189,20.6740442655936,13.9839034205231,10.6136820925553,9.40643863179075
"02-003","Josh Bokee","Janie Monier","Chad King Wilson, Sr.","Veronica D. Lowe","Jaime Kiersten Brennan","Colt Morningstar Black",1382,1304,1168,709,630,540,"democrat","democrat","democrat","democrat","republican","republican",5733,24.1060526774812,22.7455084597942,20.3732775161347,12.3669980812838,10.989010989011,9.41915227629513
"02-004","Veronica D. Lowe","Janie Monier","Josh Bokee","Chad King Wilson, Sr.","Jaime Kiersten Brennan","Colt Morningstar Black",1249,1104,1068,1003,873,818,"democrat","democrat","democrat","democrat","republican","republican",6115,20.4251839738348,18.0539656582175,17.4652493867539,16.4022894521668,14.2763695829926,13.3769419460343
"02-005","Josh Bokee","Janie Monier","Chad King Wilson, Sr.","Veronica D. Lowe","Jaime Kiersten Brennan","Colt Morningstar Black",1885,1753,1624,793,674,586,"democrat","democrat","democrat","democrat","republican","republican",7315,25.768967874231,23.9644565960355,22.200956937799,10.8407382091593,9.21394395078606,8.01093643198906
"02-006","Jaime Kiersten Brennan","Janie Monier","Josh Bokee","Veronica D. Lowe","Chad King Wilson, Sr.","Colt Morningstar Black",779,764,730,686,658,647,"republican","democrat","democrat","democrat","democrat","republican",4264,18.2692307692308,17.9174484052533,17.1200750469043,16.0881801125704,15.4315196998124,15.1735459662289
"02-007","Josh Bokee","Janie Monier","Chad King Wilson, Sr.","Veronica D. Lowe","Jaime Kiersten Brennan","Colt Morningstar Black",1523,1493,1341,1044,852,746,"democrat","democrat","democrat","democrat","republican","republican",6999,21.7602514644949,21.3316188026861,19.1598799828547,14.9164166309473,12.1731675953708,10.6586655236462
"02-008","Josh Bokee","Veronica D. Lowe","Janie Monier","Chad King Wilson, Sr.","Jaime Kiersten Brennan","Colt Morningstar Black",1237,1204,1153,1113,883,823,"democrat","democrat","democrat","democrat","republican","republican",6413,19.288944331826,18.7743645719632,17.9791049430844,17.3553719008264,13.7689069078434,12.8333073444566
"02-010","Josh Bokee","Janie Monier","Chad King Wilson, Sr.","Veronica D. Lowe","Jaime Kiersten Brennan","Colt Morningstar Black",1413,1364,1263,1202,1131,952,"democrat","democrat","democrat","democrat","republican","republican",7325,19.2901023890785,18.6211604095563,17.2423208191126,16.4095563139932,15.4402730375427,12.9965870307167
"02-011","Josh Bokee","Janie Monier","Chad King Wilson, Sr.","Veronica D. Lowe","Jaime Kiersten Brennan","Colt Morningstar Black",917,872,840,634,562,493,"democrat","democrat","democrat","democrat","republican","republican",4318,21.2366836498379,20.1945345067161,19.4534506716072,14.682723483094,13.0152848540991,11.4173228346457
"02-013","Veronica D. Lowe","Josh Bokee","Janie Monier","Chad King Wilson, Sr.","Jaime Kiersten Brennan","Colt Morningstar Black",1746,1511,1481,1394,1112,934,"democrat","democrat","democrat","democrat","republican","republican",8178,21.3499633162142,18.4764000978234,18.1095622401565,17.0457324529225,13.5974565908535,11.4208853020298
"02-014","Janie Monier","Josh Bokee","Chad King Wilson, Sr.","Veronica D. Lowe","Jaime Kiersten Brennan","Colt Morningstar Black",813,793,743,675,633,527,"democrat","democrat","democrat","democrat","republican","republican",4184,19.4311663479924,18.953154875717,17.7581261950287,16.1328871892925,15.1290630975143,12.5956022944551
"02-015","Janie Monier","Josh Bokee","Chad King Wilson, Sr.","Veronica D. Lowe","Jaime Kiersten Brennan","Colt Morningstar Black",1768,1718,1571,1316,1237,1080,"democrat","democrat","democrat","democrat","republican","republican",8690,20.3452243958573,19.7698504027618,18.078250863061,15.1438434982739,14.234752589183,12.4280782508631
"02-016","Veronica D. Lowe","Janie Monier","Josh Bokee","Chad King Wilson, Sr.","Jaime Kiersten Brennan","Colt Morningstar Black",576,509,497,486,412,335,"democrat","democrat","democrat","democrat","republican","republican",2815,20.461811722913,18.0817051509769,17.6554174067496,17.2646536412078,14.6358792184725,11.9005328596803
"02-018","Janie Monier","Josh Bokee","Chad King Wilson, Sr.","Veronica D. Lowe","Jaime Kiersten Brennan","Colt Morningstar Black",635,578,574,536,470,367,"democrat","democrat","democrat","democrat","republican","republican",3160,20.0949367088608,18.2911392405063,18.1645569620253,16.9620253164557,14.873417721519,11.6139240506329
"03-001","Colt Morningstar Black","Jaime Kiersten Brennan","Janie Monier","Josh Bokee","Chad King Wilson, Sr.","Veronica D. Lowe",1485,1468,1267,1197,1158,760,"republican","republican","democrat","democrat","democrat","democrat",7335,20.2453987730061,20.013633265167,17.2733469665985,16.319018404908,15.7873210633947,10.3612815269257
"03-002","Colt Morningstar Black","Jaime Kiersten Brennan","Janie Monier","Josh Bokee","Chad King Wilson, Sr.","Veronica D. Lowe",1247,1230,1038,989,911,536,"republican","republican","democrat","democrat","democrat","democrat",5951,20.9544614350529,20.6687951604772,17.4424466476222,16.619055620904,15.3083515375567,9.00688959838683
"04-001","Colt Morningstar Black","Jaime Kiersten Brennan","Janie Monier","Josh Bokee","Chad King Wilson, Sr.","Veronica D. Lowe",385,334,162,157,134,119,"republican","republican","democrat","democrat","democrat","democrat",1291,29.8218435321456,25.8714175058095,12.5484120836561,12.1611154144074,10.3795507358637,9.21766072811774
"05-001","Colt Morningstar Black","Jaime Kiersten Brennan","Janie Monier","Josh Bokee","Veronica D. Lowe","Chad King Wilson, Sr.",1279,1027,620,607,569,526,"republican","republican","democrat","democrat","democrat","democrat",4628,27.6361279170268,22.1910112359551,13.3967156439067,13.1158167675022,12.2947277441659,11.3656006914434
"05-002","Colt Morningstar Black","Jaime Kiersten Brennan","Janie Monier","Josh Bokee","Veronica D. Lowe","Chad King Wilson, Sr.",154,128,55,54,48,44,"republican","republican","democrat","democrat","democrat","democrat",483,31.8840579710145,26.5010351966874,11.3871635610766,11.1801242236025,9.93788819875776,9.10973084886128
"06-001","Colt Morningstar Black","Jaime Kiersten Brennan","Josh Bokee","Janie Monier","Chad King Wilson, Sr.","Veronica D. Lowe",812,704,321,312,273,230,"republican","republican","democrat","democrat","democrat","democrat",2652,30.6184012066365,26.5460030165913,12.10407239819,11.7647058823529,10.2941176470588,8.67269984917044
"07-001","Janie Monier","Jaime Kiersten Brennan","Josh Bokee","Colt Morningstar Black","Chad King Wilson, Sr.","Veronica D. Lowe",999,946,893,887,816,715,"democrat","republican","democrat","republican","democrat","democrat",5256,19.0068493150685,17.9984779299848,16.9901065449011,16.8759512937595,15.5251141552511,13.603500761035
"07-002","Janie Monier","Josh Bokee","Chad King Wilson, Sr.","Jaime Kiersten Brennan","Colt Morningstar Black","Veronica D. Lowe",1608,1500,1396,1301,1126,1119,"democrat","democrat","democrat","republican","republican","democrat",8050,19.9751552795031,18.6335403726708,17.3416149068323,16.1614906832298,13.9875776397516,13.9006211180124
"07-003","Colt Morningstar Black","Jaime Kiersten Brennan","Janie Monier","Josh Bokee","Chad King Wilson, Sr.","Veronica D. Lowe",877,847,825,772,708,491,"republican","republican","democrat","democrat","democrat","democrat",4520,19.4026548672566,18.7389380530973,18.2522123893805,17.0796460176991,15.6637168141593,10.8628318584071
"07-004","Janie Monier","Josh Bokee","Chad King Wilson, Sr.","Jaime Kiersten Brennan","Colt Morningstar Black","Veronica D. Lowe",944,823,774,750,670,644,"democrat","democrat","democrat","republican","republican","democrat",4605,20.499457111835,17.871878393051,16.8078175895765,16.2866449511401,14.5494028230185,13.9847991313789
"07-007","Janie Monier","Chad King Wilson, Sr.","Josh Bokee","Jaime Kiersten Brennan","Veronica D. Lowe","Colt Morningstar Black",413,364,353,336,317,313,"democrat","democrat","democrat","republican","democrat","republican",2096,19.7041984732824,17.3664122137405,16.8416030534351,16.030534351145,15.1240458015267,14.9332061068702
"08-001","Colt Morningstar Black","Jaime Kiersten Brennan","Janie Monier","Chad King Wilson, Sr.","Josh Bokee","Veronica D. Lowe",772,709,400,356,351,304,"republican","republican","democrat","democrat","democrat","democrat",2892,26.6943291839557,24.5159059474412,13.8312586445367,12.3098201936376,12.1369294605809,10.5117565698479
"09-001","Jaime Kiersten Brennan","Colt Morningstar Black","Janie Monier","Josh Bokee","Chad King Wilson, Sr.","Veronica D. Lowe",1054,1014,1001,860,815,560,"republican","republican","democrat","democrat","democrat","democrat",5304,19.8717948717949,19.1176470588235,18.8725490196078,16.2141779788839,15.3657616892911,10.5580693815988
"09-002","Jaime Kiersten Brennan","Colt Morningstar Black","Janie Monier","Josh Bokee","Chad King Wilson, Sr.","Veronica D. Lowe",1734,1652,1412,1283,1165,1049,"republican","republican","democrat","democrat","democrat","democrat",8295,20.9041591320072,19.915611814346,17.0223025919228,15.4671488848704,14.0446051838457,12.6461723930078
"09-003","Janie Monier","Josh Bokee","Jaime Kiersten Brennan","Chad King Wilson, Sr.","Colt Morningstar Black","Veronica D. Lowe",823,793,738,736,693,644,"democrat","democrat","republican","democrat","republican","democrat",4427,18.5904675852722,17.9128077704992,16.6704314434154,16.6252541224305,15.6539417212559,14.5470973571267
"09-004","Jaime Kiersten Brennan","Colt Morningstar Black","Janie Monier","Josh Bokee","Chad King Wilson, Sr.","Veronica D. Lowe",1216,1202,927,865,775,604,"republican","republican","democrat","democrat","democrat","democrat",5589,21.7570227232063,21.5065306852746,16.5861513687601,15.4768294864913,13.8665235283593,10.8069422079084
"09-005","Colt Morningstar Black","Jaime Kiersten Brennan","Janie Monier","Josh Bokee","Chad King Wilson, Sr.","Veronica D. Lowe",506,505,488,443,419,273,"republican","republican","democrat","democrat","democrat","democrat",2634,19.2103264996204,19.1723614274867,18.5269552012149,16.8185269552012,15.9073652239939,10.3644646924829
"09-006","Janie Monier","Josh Bokee","Jaime Kiersten Brennan","Chad King Wilson, Sr.","Colt Morningstar Black","Veronica D. Lowe",1585,1483,1368,1331,1282,1093,"democrat","democrat","republican","democrat","republican","democrat",8142,19.466961434537,18.2141979857529,16.8017686072218,16.3473348071727,15.7455170719725,13.4242200933432
"09-007","Jaime Kiersten Brennan","Janie Monier","Colt Morningstar Black","Josh Bokee","Chad King Wilson, Sr.","Veronica D. Lowe",1774,1736,1662,1631,1496,1118,"republican","democrat","republican","democrat","democrat","democrat",9417,18.8382712116385,18.4347456727196,17.6489327811405,17.3197408941276,15.8861633216523,11.8721461187215
"10-001","Colt Morningstar Black","Jaime Kiersten Brennan","Josh Bokee","Janie Monier","Chad King Wilson, Sr.","Veronica D. Lowe",369,305,143,124,110,88,"republican","republican","democrat","democrat","democrat","democrat",1139,32.396839332748,26.7778753292362,12.5548726953468,10.8867427568042,9.657594381036,7.7260755048288
"10-002","Colt Morningstar Black","Jaime Kiersten Brennan","Janie Monier","Chad King Wilson, Sr.","Josh Bokee","Veronica D. Lowe",361,323,134,124,120,114,"republican","republican","democrat","democrat","democrat","democrat",1176,30.6972789115646,27.4659863945578,11.3945578231293,10.5442176870748,10.2040816326531,9.69387755102041
"11-001","Colt Morningstar Black","Jaime Kiersten Brennan","Janie Monier","Josh Bokee","Chad King Wilson, Sr.","Veronica D. Lowe",1049,918,496,485,389,333,"republican","republican","democrat","democrat","democrat","democrat",3670,28.58310626703,25.0136239782016,13.5149863760218,13.2152588555858,10.5994550408719,9.07356948228883
"12-001","Jaime Kiersten Brennan","Colt Morningstar Black","Josh Bokee","Janie Monier","Chad King Wilson, Sr.","Veronica D. Lowe",1143,1090,1027,1011,988,852,"republican","republican","democrat","democrat","democrat","democrat",6111,18.7039764359352,17.8366879397807,16.8057601047292,16.5439371624939,16.1675666830306,13.9420716740304
"13-001","Janie Monier","Jaime Kiersten Brennan","Josh Bokee","Colt Morningstar Black","Chad King Wilson, Sr.","Veronica D. Lowe",1622,1599,1576,1506,1472,1009,"democrat","republican","democrat","republican","democrat","democrat",8784,18.4653916211293,18.2035519125683,17.9417122040073,17.1448087431694,16.7577413479053,11.4867941712204
"13-003","Jaime Kiersten Brennan","Colt Morningstar Black","Janie Monier","Josh Bokee","Chad King Wilson, Sr.","Veronica D. Lowe",224,188,182,182,166,161,"republican","republican","democrat","democrat","democrat","democrat",1103,20.3082502266546,17.0444242973708,16.5004533091568,16.5004533091568,15.0498640072529,14.596554850408
"14-001","Colt Morningstar Black","Jaime Kiersten Brennan","Janie Monier","Josh Bokee","Chad King Wilson, Sr.","Veronica D. Lowe",1435,1427,1116,1037,932,722,"republican","republican","democrat","democrat","democrat","democrat",6669,21.5174688858899,21.3975108711951,16.7341430499325,15.5495576548208,13.9751087119508,10.8262108262108
"15-001","Colt Morningstar Black","Jaime Kiersten Brennan","Janie Monier","Josh Bokee","Chad King Wilson, Sr.","Veronica D. Lowe",349,289,149,123,111,98,"republican","republican","democrat","democrat","democrat","democrat",1119,31.1885612153709,25.8266309204647,13.3154602323503,10.9919571045576,9.91957104557641,8.75781948168007
"15-002","Colt Morningstar Black","Jaime Kiersten Brennan","Janie Monier","Josh Bokee","Chad King Wilson, Sr.","Veronica D. Lowe",2251,2027,1124,1042,965,825,"republican","republican","democrat","democrat","democrat","democrat",8234,27.3378673791596,24.6174398834102,13.6507165411708,12.6548457614768,11.719698809813,10.0194316249696
"15-003","Colt Morningstar Black","Jaime Kiersten Brennan","Veronica D. Lowe","Josh Bokee","Chad King Wilson, Sr.","Janie Monier",38,24,10,9,7,7,"republican","republican","democrat","democrat","democrat","democrat",95,40,25.2631578947368,10.5263157894737,9.47368421052632,7.36842105263158,7.36842105263158
"16-001","Colt Morningstar Black","Jaime Kiersten Brennan","Janie Monier","Josh Bokee","Chad King Wilson, Sr.","Veronica D. Lowe",1213,1191,846,794,763,495,"republican","republican","democrat","democrat","democrat","democrat",5302,22.8781591852131,22.463221425877,15.9562429271973,14.9754809505847,14.3907959260656,9.33609958506224
"17-001","Colt Morningstar Black","Jaime Kiersten Brennan","Janie Monier","Chad King Wilson, Sr.","Josh Bokee","Veronica D. Lowe",658,529,285,269,267,224,"republican","republican","democrat","democrat","democrat","democrat",2232,29.4802867383513,23.7007168458781,12.7688172043011,12.0519713261649,11.9623655913978,10.0358422939068
"18-001","Jaime Kiersten Brennan","Colt Morningstar Black","Janie Monier","Josh Bokee","Chad King Wilson, Sr.","Veronica D. Lowe",952,844,712,628,578,434,"republican","republican","democrat","democrat","democrat","democrat",4148,22.9508196721311,20.3471552555448,17.1648987463838,15.1398264223722,13.9344262295082,10.4628736740598
"18-002","Jaime Kiersten Brennan","Colt Morningstar Black","Janie Monier","Josh Bokee","Chad King Wilson, Sr.","Veronica D. Lowe",1801,1777,1176,1071,952,771,"republican","republican","democrat","democrat","democrat","democrat",7548,23.8606253312136,23.5426603073662,15.5802861685215,14.1891891891892,12.6126126126126,10.214626391097
"19-001","Colt Morningstar Black","Jaime Kiersten Brennan","Janie Monier","Josh Bokee","Chad King Wilson, Sr.","Veronica D. Lowe",539,469,262,248,214,202,"republican","republican","democrat","democrat","democrat","democrat",1934,27.8697001034126,24.2502585315408,13.5470527404343,12.82316442606,11.0651499482937,10.4446742502585
"20-001","Colt Morningstar Black","Jaime Kiersten Brennan","Josh Bokee","Janie Monier","Chad King Wilson, Sr.","Veronica D. Lowe",966,889,512,477,449,344,"republican","republican","democrat","democrat","democrat","democrat",3637,26.5603519384108,24.4432224360737,14.0775364311246,13.1152048391531,12.345339565576,9.45834478966181
"21-001","Jaime Kiersten Brennan","Colt Morningstar Black","Janie Monier","Josh Bokee","Chad King Wilson, Sr.","Veronica D. Lowe",760,758,757,741,622,492,"republican","republican","democrat","democrat","democrat","democrat",4130,18.4019370460048,18.3535108958838,18.3292978208232,17.9418886198547,15.0605326876513,11.9128329297821
"21-002","Josh Bokee","Janie Monier","Chad King Wilson, Sr.","Veronica D. Lowe","Jaime Kiersten Brennan","Colt Morningstar Black",783,778,695,555,526,464,"democrat","democrat","democrat","democrat","republican","republican",3801,20.5998421468035,20.4682978163641,18.2846619310708,14.6014206787687,13.8384635622205,12.2073138647724
"21-003","Josh Bokee","Janie Monier","Veronica D. Lowe","Jaime Kiersten Brennan","Chad King Wilson, Sr.","Colt Morningstar Black",1696,1660,1603,1539,1508,1342,"democrat","democrat","democrat","republican","democrat","republican",9348,18.142918271288,17.7578091570389,17.148053059478,16.4634146341463,16.1317928968763,14.3560119811724
"21-009","Veronica D. Lowe","Josh Bokee","Janie Monier","Chad King Wilson, Sr.","Jaime Kiersten Brennan","Colt Morningstar Black",129,117,116,114,104,80,"democrat","democrat","democrat","democrat","republican","republican",660,19.5454545454545,17.7272727272727,17.5757575757576,17.2727272727273,15.7575757575758,12.1212121212121
"22-001","Colt Morningstar Black","Jaime Kiersten Brennan","Janie Monier","Chad King Wilson, Sr.","Josh Bokee","Veronica D. Lowe",403,373,322,307,305,214,"republican","republican","democrat","democrat","democrat","democrat",1924,20.9459459459459,19.3866943866944,16.7359667359667,15.956340956341,15.8523908523909,11.1226611226611
"23-001","Jaime Kiersten Brennan","Colt Morningstar Black","Janie Monier","Chad King Wilson, Sr.","Josh Bokee","Veronica D. Lowe",512,472,367,348,346,269,"republican","republican","democrat","democrat","democrat","democrat",2314,22.1261884183232,20.3975799481417,15.8599827139153,15.0388936905791,14.95246326707,11.6248919619706
"23-002","Janie Monier","Veronica D. Lowe","Josh Bokee","Chad King Wilson, Sr.","Colt Morningstar Black","Jaime Kiersten Brennan",9,8,6,5,5,5,"democrat","democrat","democrat","democrat","republican","republican",38,23.6842105263158,21.0526315789474,15.7894736842105,13.1578947368421,13.1578947368421,13.1578947368421
"23-005","Veronica D. Lowe","Janie Monier","Josh Bokee","Chad King Wilson, Sr.","Jaime Kiersten Brennan","Colt Morningstar Black",1113,1080,1044,1006,982,855,"democrat","democrat","democrat","democrat","republican","republican",6080,18.3059210526316,17.7631578947368,17.1710526315789,16.5460526315789,16.1513157894737,14.0625
"24-001","Janie Monier","Chad King Wilson, Sr.","Josh Bokee","Jaime Kiersten Brennan","Colt Morningstar Black","Veronica D. Lowe",788,731,727,705,702,433,"democrat","democrat","democrat","republican","republican","democrat",4086,19.285364659814,17.8903573176701,17.7924620655898,17.2540381791483,17.1806167400881,10.5971610376897
"24-002","Janie Monier","Jaime Kiersten Brennan","Josh Bokee","Chad King Wilson, Sr.","Veronica D. Lowe","Colt Morningstar Black",675,633,633,625,613,538,"democrat","republican","democrat","democrat","democrat","republican",3717,18.1598062953995,17.0298627925747,17.0298627925747,16.8146354587033,16.4917944578962,14.4740382028518
"25-001","Janie Monier","Jaime Kiersten Brennan","Colt Morningstar Black","Josh Bokee","Chad King Wilson, Sr.","Veronica D. Lowe",1026,976,958,930,903,811,"democrat","republican","republican","democrat","democrat","democrat",5604,18.3083511777302,17.4161313347609,17.0949321912919,16.5952890792291,16.1134903640257,14.4718058529622
"26-001","Colt Morningstar Black","Jaime Kiersten Brennan","Janie Monier","Josh Bokee","Chad King Wilson, Sr.","Veronica D. Lowe",1250,1237,1070,1048,960,734,"republican","republican","democrat","democrat","democrat","democrat",6299,19.8444197491665,19.6380377837752,16.9868233052866,16.6375615177012,15.2405143673599,11.6526432767106
"26-002","Jaime Kiersten Brennan","Colt Morningstar Black","Janie Monier","Josh Bokee","Chad King Wilson, Sr.","Veronica D. Lowe",999,990,770,758,728,577,"republican","republican","democrat","democrat","democrat","democrat",4822,20.7175445873082,20.5309000414766,15.9684778100373,15.7196184155952,15.0974699294898,11.9659892160929
