created_user,created_date,last_edited_user,last_edited_date,OBJECTID,ED_NUM,ED_NAME,PRECINCT,LEGIS_DIST,POLL_NAME,POLL_TYPE,POLL_ADDRE,CITY,ZIP_CODE,CONG_DIST,COUNCIL_DIST,GOOGLINK,GlobalID,ShapeSTArea,ShapeSTLength
NMULLINS,2024/02/14 19:41:11+00,NMULLINS,2024/03/04 15:49:28+00,2089,20,LEWISTOWN,20-001,04,Lewistown Elementary School,School,11119 Hessong Bridge Road,Thurmont,21788,6,5,"https://www.google.com/maps/place/39.539393200806,-77.4144835098404",{0B456D63-4972-4959-9EF3-35F5A0DF8B44},845687918.346234,129372.418659059
NMULLINS,2024/02/14 19:41:11+00,NMULLINS,2024/03/04 15:49:18+00,2090,26,WALKERSVILLE,26-002,04,Walkersville High School,School,81 Frederick Street,Walkersville,21793,6,5,"https://www.google.com/maps/place/39.4759383801593,-77.3611256297659",{B5F6701A-88FD-435A-BC0D-929D4B715B0C},191898117.971453,73961.531594743
NMULLINS,2024/02/14 19:41:11+00,NMULLINS,2024/03/04 15:49:19+00,2091,26,WALKERSVILLE,26-001,04,Walkersville Middle School,School,55 Frederick Street,Walkersville,21793,6,5,"https://www.google.com/maps/place/39.4802309321805,-77.3544081220793",{42DCCC6F-17A0-4EF2-83D4-97CEDD1A9ACE},197720161.341372,78569.6501408683
NMULLINS,2024/02/14 19:41:11+00,NMULLINS,2024/03/04 16:07:20+00,2092,2,FREDERICK,02-010,03,Monocacy Middle School,School,8009 Opposumtown Pike,Frederick,21702,6,3,"https://www.google.com/maps/place/39.4541874815729,-77.4133229159119",{699493AB-EC49-4ED1-836E-E410220F2714},60992381.6313513,45132.6622209593
NMULLINS,2024/02/14 19:41:11+00,NMULLINS,2024/03/04 15:53:58+00,2093,2,FREDERICK,02-015,03,Monocacy Elementary School,School,7421 Hayward Drive,Frederick,21703,6,4,"https://www.google.com/maps/place/39.4550096142295,-77.4103296802547",{F2349B8D-EC1D-494D-9F8E-268CEB4150BC},56535210.5846049,42745.4767445983
NMULLINS,2024/02/14 19:41:11+00,NMULLINS,2024/03/04 16:07:07+00,2094,24,BRADDOCK,24-002,03,Waverley Elementary School A - Cafeteria,School,201 Waverley Drive,Frederick,21702,6,3,"https://www.google.com/maps/place/39.4278856169454,-77.4613549326603",{99D5437D-29D2-46E2-AD21-1F5ADE046F53},84677373.3971556,64262.9115409803
NMULLINS,2024/02/14 19:41:11+00,NMULLINS,2024/03/04 16:03:13+00,2095,24,BRADDOCK,24-001,04,Braddock Heights Community Center,Community Center,4834 Schley Avenue,Braddock Heights,21714,6,1,"https://www.google.com/maps/place/39.4202718346859,-77.5020113734096",{EDEAA1D0-2C10-4B8F-89FF-33E44972FB0B},154937690.657809,72974.024535051
NMULLINS,2024/02/14 19:41:11+00,NMULLINS,2024/03/04 15:53:50+00,2096,2,FREDERICK,02-007,03,Governor Thomas Johnson Middle School Cafeteria,School,1799 Schifferstadt Blvd,Frederick,21701,6,4,"https://www.google.com/maps/place/39.4370188990025,-77.397544957428",{5037AA3B-C74F-46F5-81E8-277911552307},46611082.7272977,36615.739597714
NMULLINS,2024/02/14 19:41:11+00,NMULLINS,2024/03/04 16:07:19+00,2097,2,FREDERICK,02-008,03,Waverley Elementary School A - Cafeteria,School,201 Waverley Drive,Frederick,21702,6,3,"https://www.google.com/maps/place/39.4278856169454,-77.4613549326603",{A51899F7-2D68-4E50-BF14-AB8D12071CA5},56797729.8024263,40464.7408059419
NMULLINS,2024/02/14 19:41:11+00,NMULLINS,2024/03/04 15:53:50+00,2098,2,FREDERICK,02-011,03,North Frederick Elementary School,School,1010 Fairview Avenue,Frederick,21701,6,4,"https://www.google.com/maps/place/39.4291147901426,-77.4124514603154",{74753D25-D461-43FF-802D-B3DF31638979},27794400.8177113,32957.8878987291
NMULLINS,2024/02/14 19:41:11+00,NMULLINS,2024/03/04 15:56:10+00,2099,9,NEW MARKET,09-005,04,Linganore High School,School,12013 Old Annapolis Rd,Frederick,21701,6,2,"https://www.google.com/maps/place/39.4331914692957,-77.2471361568734",{E3394FD4-78F1-46D9-953A-DE7A8F5769A7},208973242.581598,65918.1268541141
NMULLINS,2024/02/14 19:41:11+00,NMULLINS,2024/03/04 16:07:40+00,2100,2,FREDERICK,02-013,03,Waverley Elementary School B - Gym,School,201 Waverley Drive,Frederick,21702,6,3,"https://www.google.com/maps/place/39.4278856169454,-77.4613549326603",{585FF618-C226-4D37-88BD-17D0CFE67140},39586001.0045405,26882.892571718
NMULLINS,2024/02/14 19:41:11+00,NMULLINS,2024/03/04 16:07:17+00,2101,2,FREDERICK,02-004,03,Hillcrest Elementary School,School,1285 Hillcrest Drive,Frederick,21703,6,3,"https://www.google.com/maps/place/39.4107560990467,-77.4505853920481",{C18CF276-64F4-4165-9F35-C9B7473E54E1},28791549.659968,28106.4065224422
NMULLINS,2024/02/14 19:41:11+00,NMULLINS,2024/03/04 16:03:14+00,2102,23,BALLENGER,23-001,04,Orchard Grove Elementary School,School,5898 Hannover Drive,Frederick,21703,6,1,"https://www.google.com/maps/place/39.3945261310121,-77.4412608251146",{715FE438-1547-4BED-8FEC-0E16C5418387},272130458.900157,78343.7782638875
NMULLINS,2024/02/14 19:41:11+00,NMULLINS,2024/03/04 16:07:09+00,2103,23,BALLENGER,23-002,03,Orchard Grove Elementary School,School,5898 Hannover Drive,Frederick,21703,6,3,"https://www.google.com/maps/place/39.3945261310121,-77.4412608251146",{4464F8EB-876D-441B-AD32-76123024071F},8677822.40924259,14996.5030633202
NMULLINS,2024/02/14 19:41:11+00,NMULLINS,2024/03/04 16:07:08+00,2104,23,BALLENGER,23-003,03, , , , , ,6,3,"https://www.google.com/maps/place/39.3945261310121,-77.4412608251146",{A0FEDE26-28C1-44A3-8BF8-62C4462964DA},226013.616689128,2967.31000859819
NMULLINS,2024/02/14 19:41:11+00,NMULLINS,2024/03/04 15:53:59+00,2105,2,FREDERICK,02-016,03,Crestwood Middle School,School,7100 Foxcroft Drive,Frederick,21703,6,4,"https://www.google.com/maps/place/39.3936968974408,-77.4226231665353",{8A9A0CF3-DCD3-417F-A782-0F23C1A1DF9B},78445822.3517855,54876.6773598737
NMULLINS,2024/02/14 19:41:11+00,NMULLINS,2024/03/04 15:57:01+00,2106,9,NEW MARKET,09-003,03,Oakdale Middle School,School,5810 Oakdale School Road,Ijamsville,21754,6,2,"https://www.google.com/maps/place/39.3928326434175,-77.3192202763756",{F6EBC057-03C1-42A9-B648-F081CFDD32F0},211778098.305721,75784.6717493659
NMULLINS,2024/02/14 19:41:11+00,NMULLINS,2024/03/04 15:53:49+00,2107,2,FREDERICK,02-006,03,Ballenger Creek Middle School,School,5525 Ballenger Creek Pike,Frederick,21703,6,4,"https://www.google.com/maps/place/39.3857050002798,-77.4410668415293",{76700CCB-C0E1-4A27-944E-AB26BBDD9193},18928112.9756487,19594.6758382636
NMULLINS,2024/02/14 19:41:11+00,NMULLINS,2024/03/04 15:53:51+00,2108,2,FREDERICK,02-014,03,Ballenger Creek Elementary School,School,5250 Kingsbrook Drive,Frederick,21703,6,4,"https://www.google.com/maps/place/39.3777451671101,-77.4307971227077",{C9AF30CB-A4A6-408F-ADC3-93482DC85E23},17217292.9066247,22188.7116806205
NMULLINS,2024/02/14 19:41:11+00,NMULLINS,2024/03/04 16:03:26+00,2109,1,BUCKEYSTOWN,01-002,03,Tuscarora High School,School,5312 Ballenger Creek Pike,Frederick,21703,6,1,"https://www.google.com/maps/place/39.3783549651619,-77.4458716596244",{9E23C4BC-E77A-4AF3-A507-8EFC221EA7E8},89353058.8793583,62877.6865783569
NMULLINS,2024/02/14 19:41:11+00,NMULLINS,2024/03/13 14:13:53+00,2110,10,HAUVERS,10-001,02A,Sabillasville Environmental School,School,16210-B Sabillasville Road,Sabillasville,21780,6,5,"https://www.google.com/maps/place/39.6802714509443,-77.4562704142186",{37E62C60-1A03-4AB5-AA0E-C4BABAF2B72B},444093894.784674,108462.525657574
NMULLINS,2024/02/14 19:41:11+00,NMULLINS,2024/03/04 15:46:05+00,2111,5,EMMITSBURG,05-001,02A,Emmitsburg Elementary School,School,300 South Seton Avenue,Emmitsburg,21727,6,5,"https://www.google.com/maps/place/39.7031446965002,-77.3292351586741",{D09ECDA5-3F33-41A7-A950-C974F309755B},1126876663.33658,185319.488534557
NMULLINS,2024/02/14 19:41:11+00,NMULLINS,2024/03/04 15:49:13+00,2112,15,THURMONT,15-001,04,Thurmont Middle School,School,408 East Main Street,Thurmont,21788,6,5,"https://www.google.com/maps/place/39.6204700035282,-77.4052028756546",{8D55C1A0-A81C-46E2-8BFF-DA66BEC7D5AA},401086611.653864,107198.311767477
NMULLINS,2024/02/14 19:41:11+00,NMULLINS,2024/03/04 15:49:01+00,2113,6,CATOCTIN,06-001,04,Wolfsville Elementary School,School,12520 Wolfsville Road,Myersville,21773,6,5,"https://www.google.com/maps/place/39.5746221906619,-77.5535617135415",{B7D2EE87-7F90-4C0A-8A24-ECEA40ADCE13},745898643.786736,113439.516760948
NMULLINS,2024/02/14 19:41:11+00,NMULLINS,2024/03/04 15:49:28+00,2114,17,JOHNSVILLE,17-001,04,Johnsville United Methodist Church,Church,11106 Green Valley Road,Union Bridge,21791,6,5,"https://www.google.com/maps/place/39.5400449134389,-77.2318906818529",{3D418511-1035-44D9-B69F-D68D8CD48EA2},753853205.221645,143675.16574844
NMULLINS,2024/02/14 19:41:11+00,NMULLINS,2024/03/04 15:49:29+00,2115,16,JACKSON,16-001,04,Myersville Elementary School,School,429 Main Street,Myersville,21773,6,5,"https://www.google.com/maps/place/39.5093491367269,-77.5654082447306",{D50921B4-4113-421A-B703-5F2816712389},632522045.425269,110605.949355162
NMULLINS,2024/02/14 19:41:11+00,NMULLINS,2024/03/04 15:49:04+00,2116,8,LIBERTY,08-001,04,Liberty Elementary School,School,11820 Liberty Road,Libertytown,21762,6,5,"https://www.google.com/maps/place/39.4843501576087,-77.2531167235781",{4AD79EF8-1F5A-407D-A580-0D6211298FCC},628218197.61471,108478.039885442
NMULLINS,2024/02/14 19:41:11+00,NMULLINS,2024/03/04 15:49:55+00,2117,19,LINGANORE,19-001,04,Linganore Grange,Community Center,13629 Unionville Road,Mount Airy,21771,6,5,"https://www.google.com/maps/place/39.4758400811021,-77.1886854550094",{AB60A10E-150B-4D0A-8B27-3A8C4C43C25A},485412679.072421,107221.41159036
NMULLINS,2024/02/14 19:41:11+00,NMULLINS,2024/03/04 16:03:23+00,2118,3,MIDDLETOWN,03-001,04,Middletown Primary School,School,100 Martha Mason Street,Middletown,21769,6,1,"https://www.google.com/maps/place/39.4435946945714,-77.5360143335317",{B35C807E-DE1C-4106-AC23-5C3C7DD34BF0},455015154.419424,108270.759268083
NMULLINS,2024/02/14 19:41:11+00,NMULLINS,2024/03/04 16:03:24+00,2119,3,MIDDLETOWN,03-002,04,Middletown Elementary School,School,201 East Green Street,Middletown,21769,6,1,"https://www.google.com/maps/place/39.4441432083181,-77.5381790139431",{074A9E24-E9BD-4FE0-9884-F3FCD21BF108},367859805.951341,96609.7289315292
NMULLINS,2024/02/14 19:41:11+00,NMULLINS,2024/03/04 15:56:17+00,2120,18,WOODVILLE,18-002,04,Damascus Road Church,Church,12826 Old National Pike,Mount Airy,21771,6,2,"https://www.google.com/maps/place/39.3730935433202, -77.21752901853996

",{7C75BFE5-DD08-48AC-B11E-96FA91E1FB4C},677417724.42181,139288.508792672
NMULLINS,2024/02/14 19:41:11+00,NMULLINS,2024/03/04 16:03:20+00,2121,22,BURKITTSVILLE,22-001,04,Burkittsville Community Center,Community Center,500 East Main Street,Burkittsville,21718,6,1,"https://www.google.com/maps/place/39.3886526677137,-77.6246855639889",{893D87A4-5324-47C2-B94F-449849B2C784},492579940.055691,117073.219435003
NMULLINS,2024/02/14 19:41:11+00,NMULLINS,2024/03/04 15:56:11+00,2122,9,NEW MARKET,09-007,04,Deer Crossing Elementary School,School,10601 Finn Drive,New Market,21774,6,2,"https://www.google.com/maps/place/39.4033574620115,-77.2920397133994",{CF4E24E2-805A-48AE-9EB3-D7D3F0786DB0},197064527.476632,89156.6467712805
NMULLINS,2024/02/14 19:41:11+00,NMULLINS,2024/03/04 16:03:49+00,2123,14,JEFFERSON,14-001,04,Jefferson Ruritan Community Center,Community Center,4603B Lander Road,Jefferson,21755,6,1,"https://www.google.com/maps/place/39.3611247215221,-77.5309636717709",{D229650A-D4EA-450A-BB9A-4D1DBE0E0D02},688969398.153238,167549.341318577
NMULLINS,2024/02/14 19:41:11+00,NMULLINS,2024/03/04 15:56:25+00,2124,9,NEW MARKET,09-001,04,New Market Middle School,School,125 West Main Street,New Market,21774,6,2,"https://www.google.com/maps/place/39.3847848569542,-77.2763470921038",{302DB7F2-D4FD-47CA-B9C5-5F7313E5A02C},165435017.717041,79339.5222404784
NMULLINS,2024/02/14 19:41:11+00,NMULLINS,2024/03/04 15:56:26+00,2125,9,NEW MARKET,09-002,04,Green Valley Elementary School,School,11501 Fingerboard Road,Monrovia,21770,6,2,"https://www.google.com/maps/place/39.3433318730493,-77.2660488677122",{A60F4806-610E-4D05-978C-81B5D3BA9ADA},277321576.121444,75924.4849118755
NMULLINS,2024/02/14 19:41:11+00,NMULLINS,2024/03/04 16:03:42+00,2126,7,URBANA,07-001,04,Sugarloaf Elementary School,School,3400 Stone Barn Dr,Frederick,21704,6,1,"https://www.google.com/maps/place/39.327333,-77.365074",{A6BB6992-F129-4E33-85D6-6767958CA500},810218003.631862,137148.727223822
NMULLINS,2024/02/14 19:41:11+00,NMULLINS,2024/03/04 16:03:27+00,2127,1,BUCKEYSTOWN,01-001,04,Carroll Manor Elementary School,School,5624 Adamstown Road,Adamstown,21710,6,1,"https://www.google.com/maps/place/39.3135576664201,-77.469369229955",{AAC37129-C543-4619-98EB-CADA4DF0C91E},473629576.732576,106325.273349604
NMULLINS,2024/02/14 19:41:11+00,NMULLINS,2024/03/04 15:56:19+00,2128,7,URBANA,07-003,04,Urbana High School,School,3471 Campus Drive,Ijamsville,21754,6,2,"https://www.google.com/maps/place/39.3262412195634,-77.3397274162113",{071BC723-417D-426B-B02E-B2FF7F9490AB},334444412.723037,102456.596234443
NMULLINS,2024/02/14 19:41:11+00,NMULLINS,2024/03/04 15:56:09+00,2129,9,NEW MARKET,09-004,04,Kemptown Elementary School,School,3456 Kemptown Church Road,Monrovia,21770,6,2,"https://www.google.com/maps/place/39.3295369413566,-77.2352537502603",{8F99A0D8-2D02-46D7-83AD-488727F9865D},194678098.647514,82915.8233914952
NMULLINS,2024/02/14 19:41:11+00,NMULLINS,2024/03/04 16:03:44+00,2130,7,URBANA,07-007,03,Urbana Regional Library,Library,9020 Amelung Street,Frederick,21704,6,1,"https://www.google.com/maps/place/39.3312931717641,-77.3548774380692",{6887D030-6E60-49F0-88AC-40AEAF541E5C},150844416.94433,65322.7971110363
NMULLINS,2024/02/14 19:41:11+00,NMULLINS,2024/03/04 15:54:00+00,2131,2,FREDERICK,02-018,03,Governor Thomas Johnson Middle School Media Center,School,1799 Schifferschat Blvd,Frederick,21701,6,4,"https://www.google.com/maps/place/39.4370188990025,-77.397544957428",{9F5A5945-1DCB-4CB2-8AD7-5B78231106FC},17351106.6116093,17160.1252316098
NMULLINS,2024/02/14 19:41:11+00,NMULLINS,2024/03/04 15:49:26+00,2132,21,TUSCARORA,21-001,04,Brook Hill United Methodist Church,Church,8946 Indian Springs Rd,Frederick,21702,6,5,"https://www.google.com/maps/place/39.4797161128902,-77.4615637441213",{271A049B-A9A2-4331-9BDC-E087D7E534EF},410754968.064202,111089.215286803
NMULLINS,2024/02/14 19:41:11+00,NMULLINS,2024/03/04 16:07:40+00,2133,21,TUSCARORA,21-002,03,Whittier Elementary School,School,2400 Whittier Drive,Frederick,21702,6,3,"https://www.google.com/maps/place/39.4556728851997,-77.4517513548053",{B46EFF4C-AE2C-43B1-B383-A23BF1847E79},28227762.516345,25363.0561426364
NMULLINS,2024/02/14 19:41:11+00,NMULLINS,2024/03/04 16:07:18+00,2134,2,FREDERICK,02-005,03,William R. Talley Rec Center (Armory),Rec Center,121 North Bentz Street,Frederick,21701,6,3,"https://www.google.com/maps/place/39.4166699996339,-77.4145475126932",{0EBEA53E-85D8-49AD-A58D-32BADEBA30E5},63085037.8982151,45571.6764012408
NMULLINS,2024/02/14 19:41:11+00,NMULLINS,2024/03/04 15:53:49+00,2135,2,FREDERICK,02-003,03,Evangelical Lutheran Church,Church,31 East Church Street,Frederick,21701,6,4,"https://www.google.com/maps/place/39.4155328836386,-77.4094440171522",{9DE5FD69-A7D8-4750-8BFF-A5414491AAEA},175998802.940285,65451.7015924903
NMULLINS,2024/02/14 19:41:11+00,NMULLINS,2024/03/04 16:03:45+00,2136,12,PETERSVILLE,12-001,04,Faith Baptist Church,Church,2212 Jefferson Pike,Knoxville,21758,6,1,"https://www.google.com/maps/place/39.3531948066755,-77.5930348060076",{B11F5062-917A-4920-90FC-D2D3E54E48E7},541550048.627295,129958.562203796
NMULLINS,2024/02/14 19:41:11+00,NMULLINS,2024/03/04 16:03:12+00,2137,25,BRUNSWICK,25-001,04,Brunswick Middle School,School,301 Cummings Drive,Brunswick,21716,6,1,"https://www.google.com/maps/place/39.3148771876327,-77.6048727926164",{0CE49145-E55B-49FE-8EC1-F3D683519E4A},62084128.3879324,35558.6990269367
NMULLINS,2024/02/14 19:41:11+00,NMULLINS,2024/03/04 15:54:00+00,2138,9,NEW MARKET,09-006,03,Oakdale Elementary School,School,5830 Oakdale School Road,Ijamsville,21754,6,4,"https://www.google.com/maps/place/39.395502,-77.318766",{6854A4AE-5AA4-4093-9496-5E699C19AE84},101524748.794319,47731.20748821
NMULLINS,2024/02/14 19:41:11+00,NMULLINS,2024/03/04 15:54:01+00,2139,13,MOUNT PLEASANT,13-001,04,Mt. Pleasant Ruritan Club,Club,8101 Crum Road,Walkersville,21793,6,4,"https://www.google.com/maps/place/39.4543837534338,-77.330771942732",{1F0C61FF-9AB9-403E-928B-5C2EDDB375E7},399851779.580248,112312.106113713
NMULLINS,2024/02/14 19:41:11+00,NMULLINS,2024/03/04 15:54:07+00,2140,13,MOUNT PLEASANT,13-003,03,Mt. Pleasant Ruritan Club,Club,8101 Crum Road,Walkersville,21793,6,4,"https://www.google.com/maps/place/39.4543837534338,-77.330771942732",{2BFE54A2-0C55-4BC1-B045-AD8DA84E2AD2},125941265.120513,67973.9198424725
NMULLINS,2024/02/14 19:41:11+00,NMULLINS,2024/03/04 16:07:08+00,2141,23,BALLENGER,23-004,03, , , , , ,6,3,"https://www.google.com/maps/place/39.3945261310121,-77.4412608251146",{992C39BA-9AF3-4BBA-8BF3-0AC97F921482},1588243.89799487,5887.34414987337
NMULLINS,2024/02/14 19:41:11+00,NMULLINS,2024/03/04 16:07:41+00,2142,21,TUSCARORA,21-003,03,Yellow Springs Elementary School,School,8717 Yellow Springs Rd,Frederick,21702,6,3,"https://www.google.com/maps/place/39.4744481326391,-77.4520652459506",{E5D4E869-7880-41FC-88A8-0BB56AEA4295},68833676.3140411,48592.3744253171
NMULLINS,2024/02/14 19:41:11+00,NMULLINS,2024/03/04 16:08:09+00,2143,21,TUSCARORA,21-005,03, , , , , ,6,3,"https://www.google.com/maps/place/39.4797161128902,-77.4615637441213",{69449E51-CA59-4C67-8CF9-6ECDCDF187DE},1700129.18000372,6824.78746242952
NMULLINS,2024/02/14 19:41:11+00,NMULLINS,2024/03/04 16:07:16+00,2144,21,TUSCARORA,21-006,03, , , , , ,6,3,"https://www.google.com/maps/place/39.4797161128902,-77.4615637441213",{86EB479E-7670-46E5-BF47-AD560CEDA57F},107406.792007778,1516.74085036419
NMULLINS,2024/02/14 19:41:11+00,NMULLINS,2024/03/04 16:05:56+00,2145,20,LEWISTOWN,20-002,03, , , , , ,6,5,"https://www.google.com/maps/place/39.539393200806,-77.4144835098404",{D90E7B6C-5F0A-434C-8728-2858B6039C4D},1014732.91776127,5392.78847669698
NMULLINS,2024/02/14 19:41:11+00,NMULLINS,2024/03/04 15:56:26+00,2146,7,URBANA,07-002,04,Centerville Elementary School,School,3601 Carriage Hill Drive,Frederick,21704,6,2,"https://www.google.com/maps/place/39.3354519771521,-77.333706354161",{9A4D5F07-373E-4EC0-A960-9A7A66BC642D},54017661.3367715,30454.1081654319
NMULLINS,2024/02/14 19:41:11+00,NMULLINS,2024/03/04 15:56:23+00,2147,7,URBANA,07-006,03, , , , , ,6,2,"https://www.google.com/maps/place/39.3464105441975,-77.3092003821431",{D9FBFE2C-7D8E-4E9E-9DC8-1CFFF0CC537E},661280.951112796,11075.5360880404
NMULLINS,2024/02/14 19:41:11+00,NMULLINS,2024/03/04 15:53:48+00,2148,2,FREDERICK,02-001,03,Lincoln Elementary School,School,200 Madison Street,Frederick,21701,6,4,"https://www.google.com/maps/place/39.40800566121935, -77.41549904602628",{63116D5D-68B7-4CEF-B708-3DBAF4C308BB},35856828.3651336,26958.1192058887
NMULLINS,2024/02/14 19:41:11+00,NMULLINS,2024/03/04 16:07:17+00,2149,2,FREDERICK,02-002,03,Lincoln Elementary School,School,200 Madison Street,Frederick,21701,6,3,"https://www.google.com/maps/place/39.40800566121935, -77.41549904602628",{3C6F427E-9827-4B4E-A824-DD963071A86D},10850129.4563763,18723.7955798388
NMULLINS,2024/02/14 19:41:11+00,NMULLINS,2024/03/04 15:56:21+00,2150,7,URBANA,07-004,03,Urbana Regional Library,Library,9020 Amelung Street,Frederick,21704,6,2,"https://www.google.com/maps/place/39.3312931717641,-77.3548774380692",{CD95F415-E410-4DE5-B59B-3D46898CD5A6},83121758.318369,46804.1632131897
NMULLINS,2024/02/14 19:41:11+00,NMULLINS,2024/03/04 16:03:21+00,2151,1,BUCKEYSTOWN,01-003,04,Point of Rocks Community Center,Library,1635 Ballenger Creek Pike,Point of Rocks,21777,6,1,"https://www.google.com/maps/place/39.277724,-77.538221",{0B0734B9-855C-4172-957C-0B46F5A84A09},594585646.508691,123773.14388948
NMULLINS,2024/02/14 19:41:11+00,NMULLINS,2024/03/04 15:49:17+00,2152,26,WALKERSVILLE,26-003,03, , , , , ,6,5,"https://www.google.com/maps/place/39.4802309321805,-77.3544081220793",{6D724948-A56C-4E36-8155-D1542434E156},25428031.6645273,28288.45494263
NMULLINS,2024/02/14 19:41:11+00,NMULLINS,2024/03/04 15:49:19+00,2153,21,TUSCARORA,21-009,03,Brook Hill United Methodist Church,Church,8946 Indian Springs Rd,Frederick,21702,6,5,"https://www.google.com/maps/place/39.4797161128902,-77.4615637441213",{AF5E76DA-E5A5-4ED8-804B-24AC322592BD},9837676.95868567,13493.6243792814
NMULLINS,2024/02/14 19:41:11+00,NMULLINS,2024/03/04 16:03:13+00,2154,23,BALLENGER,23-005,03,Orchard Grove Elementary School,School,5898 Hannover Drive,Frederick,21703,6,1,"https://www.google.com/maps/place/39.3945261310121,-77.4412608251146",{0FD866E0-B33E-4031-AA9E-6B4116023F99},56941629.0653208,46316.6540418658
NMULLINS,2024/02/14 19:41:11+00,NMULLINS,2024/03/04 16:05:39+00,2155,20,LEWISTOWN,20-003,04, , , , , ,6,5,"https://www.google.com/maps/place/39.539393200806,-77.4144835098404",{15A9FE57-CFAC-4C59-A333-2586B2C0F6EA},138000.850916039,1794.04534429424
NMULLINS,2024/02/14 19:41:11+00,NMULLINS,2024/03/13 14:14:03+00,2156,10,HAUVERS,10-002,04,Sabillasville Environmental School,School,16210-B Sabillasville Road,Sabillasville,21780,6,5,"https://www.google.com/maps/place/39.6802714509443,-77.4562704142186",{DF47CE94-C9D6-446D-9C77-C263E4F564E7},371636302.334562,100096.200666839
NMULLINS,2024/02/14 19:41:11+00,NMULLINS,2024/03/04 15:56:12+00,2157,18,WOODVILLE,18-001,05,Twin Ridge Elementary School,School,1106 Leafy Hollow Circle,Mount Airy,21771,6,2,"https://www.google.com/maps/place/39.3704391152112,-77.1758906620368",{03F24C7C-208C-46B1-99ED-1EB4AF0DEBD9},39075406.5797273,40470.964181385
NMULLINS,2024/02/14 19:41:11+00,NMULLINS,2024/03/04 15:49:30+00,2158,15,THURMONT,15-003,04,Thurmont Primary School,School,7989 Rocky Ridge Road,Thurmont,21788,6,5,"https://www.google.com/maps/place/39.614121,-77.390640",{E0CE90B5-676F-432E-B072-C483ED91AA58},51304310.5229743,33229.3840492157
NMULLINS,2024/02/14 19:41:11+00,NMULLINS,2024/03/04 15:46:11+00,2159,5,EMMITSBURG,05-002,04,Emmitsburg Elementary School,School,300 South Seton Avenue,Emmitsburg,21727,6,5,"https://www.google.com/maps/place/39.7031446965002,-77.3292351586741",{22E1A349-2332-41EE-9471-52B81AFECC9A},174344139.547417,68536.3114035562
NMULLINS,2024/02/14 19:41:11+00,NMULLINS,2024/03/04 15:48:58+00,2160,4,CREAGERSTOWN,04-001,04,Creagerstown Lutheran Church,Church,8619 Blacks Mill Road,Thurmont,21788,6,5,"https://www.google.com/maps/place/39.5766152681799,-77.3662654086982",{3DCBF7CA-9094-4794-A589-30233C92F2A1},547300722.135063,123406.271310542
NMULLINS,2024/02/14 19:41:11+00,NMULLINS,2024/03/04 15:49:06+00,2161,11,WOODSBORO,11-001,04,Woodsboro Elementary School,School,101 Liberty Road,Woodsboro,21798,6,5,"https://www.google.com/maps/place/39.5333802619154,-77.3127771940214",{B62BB12F-FE0E-441E-9C18-247BA920C223},772662217.910397,150929.705218079
NMULLINS,2024/02/14 19:41:11+00,NMULLINS,2024/03/04 15:49:31+00,2162,15,THURMONT,15-002,02A,Thurmont Primary School,School,7989 Rocky Ridge Road,Thurmont,21788,6,5,"https://www.google.com/maps/place/39.614121,-77.390640",{E9617C55-94BE-400F-B49F-18FBDB185BDC},595677388.199791,116357.521563636
