"precinct","candidate_1","candidate_2","candidate_3","candidate_4","candidate_5","candidate_6","votes_1","votes_2","votes_3","votes_4","votes_5","votes_6"
"01-001","Jaime Kiersten Brennan","Janie Monier","Josh Bokee","Colt Morningstar Black","Chad King Wilson, Sr.","Veronica D. Lowe",906,884,853,829,762,599
"01-002","Janie Monier","Josh Bokee","Chad King Wilson, Sr.","Veronica D. Lowe","Jaime Kiersten Brennan","Colt Morningstar Black",1419,1369,1318,1302,1157,994
"01-003","Jaime Kiersten Brennan","Colt Morningstar Black","Janie Monier","Josh Bokee","Chad King Wilson, Sr.","Veronica D. Lowe",605,569,563,530,482,365
"02-001","Josh Bokee","Janie Monier","Chad King Wilson, Sr.","Veronica D. Lowe","Jaime Kiersten Brennan","Colt Morningstar Black",950,901,868,849,577,427
"02-002","Josh Bokee","Janie Monier","Chad King Wilson, Sr.","Veronica D. Lowe","Jaime Kiersten Brennan","Colt Morningstar Black",462,439,411,278,211,187
"02-003","Josh Bokee","Janie Monier","Chad King Wilson, Sr.","Veronica D. Lowe","Jaime Kiersten Brennan","Colt Morningstar Black",1382,1304,1168,709,630,540
"02-004","Veronica D. Lowe","Janie Monier","Josh Bokee","Chad King Wilson, Sr.","Jaime Kiersten Brennan","Colt Morningstar Black",1249,1104,1068,1003,873,818
"02-005","Josh Bokee","Janie Monier","Chad King Wilson, Sr.","Veronica D. Lowe","Jaime Kiersten Brennan","Colt Morningstar Black",1885,1753,1624,793,674,586
"02-006","Jaime Kiersten Brennan","Janie Monier","Josh Bokee","Veronica D. Lowe","Chad King Wilson, Sr.","Colt Morningstar Black",779,764,730,686,658,647
"02-007","Josh Bokee","Janie Monier","Chad King Wilson, Sr.","Veronica D. Lowe","Jaime Kiersten Brennan","Colt Morningstar Black",1523,1493,1341,1044,852,746
"02-008","Josh Bokee","Veronica D. Lowe","Janie Monier","Chad King Wilson, Sr.","Jaime Kiersten Brennan","Colt Morningstar Black",1237,1204,1153,1113,883,823
"02-010","Josh Bokee","Janie Monier","Chad King Wilson, Sr.","Veronica D. Lowe","Jaime Kiersten Brennan","Colt Morningstar Black",1413,1364,1263,1202,1131,952
"02-011","Josh Bokee","Janie Monier","Chad King Wilson, Sr.","Veronica D. Lowe","Jaime Kiersten Brennan","Colt Morningstar Black",917,872,840,634,562,493
"02-013","Veronica D. Lowe","Josh Bokee","Janie Monier","Chad King Wilson, Sr.","Jaime Kiersten Brennan","Colt Morningstar Black",1746,1511,1481,1394,1112,934
"02-014","Janie Monier","Josh Bokee","Chad King Wilson, Sr.","Veronica D. Lowe","Jaime Kiersten Brennan","Colt Morningstar Black",813,793,743,675,633,527
"02-015","Janie Monier","Josh Bokee","Chad King Wilson, Sr.","Veronica D. Lowe","Jaime Kiersten Brennan","Colt Morningstar Black",1768,1718,1571,1316,1237,1080
"02-016","Veronica D. Lowe","Janie Monier","Josh Bokee","Chad King Wilson, Sr.","Jaime Kiersten Brennan","Colt Morningstar Black",576,509,497,486,412,335
"02-018","Janie Monier","Josh Bokee","Chad King Wilson, Sr.","Veronica D. Lowe","Jaime Kiersten Brennan","Colt Morningstar Black",635,578,574,536,470,367
"03-001","Colt Morningstar Black","Jaime Kiersten Brennan","Janie Monier","Josh Bokee","Chad King Wilson, Sr.","Veronica D. Lowe",1485,1468,1267,1197,1158,760
"03-002","Colt Morningstar Black","Jaime Kiersten Brennan","Janie Monier","Josh Bokee","Chad King Wilson, Sr.","Veronica D. Lowe",1247,1230,1038,989,911,536
"04-001","Colt Morningstar Black","Jaime Kiersten Brennan","Janie Monier","Josh Bokee","Chad King Wilson, Sr.","Veronica D. Lowe",385,334,162,157,134,119
"05-001","Colt Morningstar Black","Jaime Kiersten Brennan","Janie Monier","Josh Bokee","Veronica D. Lowe","Chad King Wilson, Sr.",1279,1027,620,607,569,526
"05-002","Colt Morningstar Black","Jaime Kiersten Brennan","Janie Monier","Josh Bokee","Veronica D. Lowe","Chad King Wilson, Sr.",154,128,55,54,48,44
"06-001","Colt Morningstar Black","Jaime Kiersten Brennan","Josh Bokee","Janie Monier","Chad King Wilson, Sr.","Veronica D. Lowe",812,704,321,312,273,230
"07-001","Janie Monier","Jaime Kiersten Brennan","Josh Bokee","Colt Morningstar Black","Chad King Wilson, Sr.","Veronica D. Lowe",999,946,893,887,816,715
"07-002","Janie Monier","Josh Bokee","Chad King Wilson, Sr.","Jaime Kiersten Brennan","Colt Morningstar Black","Veronica D. Lowe",1608,1500,1396,1301,1126,1119
"07-003","Colt Morningstar Black","Jaime Kiersten Brennan","Janie Monier","Josh Bokee","Chad King Wilson, Sr.","Veronica D. Lowe",877,847,825,772,708,491
"07-004","Janie Monier","Josh Bokee","Chad King Wilson, Sr.","Jaime Kiersten Brennan","Colt Morningstar Black","Veronica D. Lowe",944,823,774,750,670,644
"07-007","Janie Monier","Chad King Wilson, Sr.","Josh Bokee","Jaime Kiersten Brennan","Veronica D. Lowe","Colt Morningstar Black",413,364,353,336,317,313
"08-001","Colt Morningstar Black","Jaime Kiersten Brennan","Janie Monier","Chad King Wilson, Sr.","Josh Bokee","Veronica D. Lowe",772,709,400,356,351,304
"09-001","Jaime Kiersten Brennan","Colt Morningstar Black","Janie Monier","Josh Bokee","Chad King Wilson, Sr.","Veronica D. Lowe",1054,1014,1001,860,815,560
"09-002","Jaime Kiersten Brennan","Colt Morningstar Black","Janie Monier","Josh Bokee","Chad King Wilson, Sr.","Veronica D. Lowe",1734,1652,1412,1283,1165,1049
"09-003","Janie Monier","Josh Bokee","Jaime Kiersten Brennan","Chad King Wilson, Sr.","Colt Morningstar Black","Veronica D. Lowe",823,793,738,736,693,644
"09-004","Jaime Kiersten Brennan","Colt Morningstar Black","Janie Monier","Josh Bokee","Chad King Wilson, Sr.","Veronica D. Lowe",1216,1202,927,865,775,604
"09-005","Colt Morningstar Black","Jaime Kiersten Brennan","Janie Monier","Josh Bokee","Chad King Wilson, Sr.","Veronica D. Lowe",506,505,488,443,419,273
"09-006","Janie Monier","Josh Bokee","Jaime Kiersten Brennan","Chad King Wilson, Sr.","Colt Morningstar Black","Veronica D. Lowe",1585,1483,1368,1331,1282,1093
"09-007","Jaime Kiersten Brennan","Janie Monier","Colt Morningstar Black","Josh Bokee","Chad King Wilson, Sr.","Veronica D. Lowe",1774,1736,1662,1631,1496,1118
"10-001","Colt Morningstar Black","Jaime Kiersten Brennan","Josh Bokee","Janie Monier","Chad King Wilson, Sr.","Veronica D. Lowe",369,305,143,124,110,88
"10-002","Colt Morningstar Black","Jaime Kiersten Brennan","Janie Monier","Chad King Wilson, Sr.","Josh Bokee","Veronica D. Lowe",361,323,134,124,120,114
"11-001","Colt Morningstar Black","Jaime Kiersten Brennan","Janie Monier","Josh Bokee","Chad King Wilson, Sr.","Veronica D. Lowe",1049,918,496,485,389,333
"12-001","Jaime Kiersten Brennan","Colt Morningstar Black","Josh Bokee","Janie Monier","Chad King Wilson, Sr.","Veronica D. Lowe",1143,1090,1027,1011,988,852
"13-001","Janie Monier","Jaime Kiersten Brennan","Josh Bokee","Colt Morningstar Black","Chad King Wilson, Sr.","Veronica D. Lowe",1622,1599,1576,1506,1472,1009
"13-003","Jaime Kiersten Brennan","Colt Morningstar Black","Janie Monier","Josh Bokee","Chad King Wilson, Sr.","Veronica D. Lowe",224,188,182,182,166,161
"14-001","Colt Morningstar Black","Jaime Kiersten Brennan","Janie Monier","Josh Bokee","Chad King Wilson, Sr.","Veronica D. Lowe",1435,1427,1116,1037,932,722
"15-001","Colt Morningstar Black","Jaime Kiersten Brennan","Janie Monier","Josh Bokee","Chad King Wilson, Sr.","Veronica D. Lowe",349,289,149,123,111,98
"15-002","Colt Morningstar Black","Jaime Kiersten Brennan","Janie Monier","Josh Bokee","Chad King Wilson, Sr.","Veronica D. Lowe",2251,2027,1124,1042,965,825
"15-003","Colt Morningstar Black","Jaime Kiersten Brennan","Veronica D. Lowe","Josh Bokee","Chad King Wilson, Sr.","Janie Monier",38,24,10,9,7,7
"16-001","Colt Morningstar Black","Jaime Kiersten Brennan","Janie Monier","Josh Bokee","Chad King Wilson, Sr.","Veronica D. Lowe",1213,1191,846,794,763,495
"17-001","Colt Morningstar Black","Jaime Kiersten Brennan","Janie Monier","Chad King Wilson, Sr.","Josh Bokee","Veronica D. Lowe",658,529,285,269,267,224
"18-001","Jaime Kiersten Brennan","Colt Morningstar Black","Janie Monier","Josh Bokee","Chad King Wilson, Sr.","Veronica D. Lowe",952,844,712,628,578,434
"18-002","Jaime Kiersten Brennan","Colt Morningstar Black","Janie Monier","Josh Bokee","Chad King Wilson, Sr.","Veronica D. Lowe",1801,1777,1176,1071,952,771
"19-001","Colt Morningstar Black","Jaime Kiersten Brennan","Janie Monier","Josh Bokee","Chad King Wilson, Sr.","Veronica D. Lowe",539,469,262,248,214,202
"20-001","Colt Morningstar Black","Jaime Kiersten Brennan","Josh Bokee","Janie Monier","Chad King Wilson, Sr.","Veronica D. Lowe",966,889,512,477,449,344
"21-001","Jaime Kiersten Brennan","Colt Morningstar Black","Janie Monier","Josh Bokee","Chad King Wilson, Sr.","Veronica D. Lowe",760,758,757,741,622,492
"21-002","Josh Bokee","Janie Monier","Chad King Wilson, Sr.","Veronica D. Lowe","Jaime Kiersten Brennan","Colt Morningstar Black",783,778,695,555,526,464
"21-003","Josh Bokee","Janie Monier","Veronica D. Lowe","Jaime Kiersten Brennan","Chad King Wilson, Sr.","Colt Morningstar Black",1696,1660,1603,1539,1508,1342
"21-009","Veronica D. Lowe","Josh Bokee","Janie Monier","Chad King Wilson, Sr.","Jaime Kiersten Brennan","Colt Morningstar Black",129,117,116,114,104,80
"22-001","Colt Morningstar Black","Jaime Kiersten Brennan","Janie Monier","Chad King Wilson, Sr.","Josh Bokee","Veronica D. Lowe",403,373,322,307,305,214
"23-001","Jaime Kiersten Brennan","Colt Morningstar Black","Janie Monier","Chad King Wilson, Sr.","Josh Bokee","Veronica D. Lowe",512,472,367,348,346,269
"23-002","Janie Monier","Veronica D. Lowe","Josh Bokee","Chad King Wilson, Sr.","Colt Morningstar Black","Jaime Kiersten Brennan",9,8,6,5,5,5
"23-005","Veronica D. Lowe","Janie Monier","Josh Bokee","Chad King Wilson, Sr.","Jaime Kiersten Brennan","Colt Morningstar Black",1113,1080,1044,1006,982,855
"24-001","Janie Monier","Chad King Wilson, Sr.","Josh Bokee","Jaime Kiersten Brennan","Colt Morningstar Black","Veronica D. Lowe",788,731,727,705,702,433
"24-002","Janie Monier","Jaime Kiersten Brennan","Josh Bokee","Chad King Wilson, Sr.","Veronica D. Lowe","Colt Morningstar Black",675,633,633,625,613,538
"25-001","Janie Monier","Jaime Kiersten Brennan","Colt Morningstar Black","Josh Bokee","Chad King Wilson, Sr.","Veronica D. Lowe",1026,976,958,930,903,811
"26-001","Colt Morningstar Black","Jaime Kiersten Brennan","Janie Monier","Josh Bokee","Chad King Wilson, Sr.","Veronica D. Lowe",1250,1237,1070,1048,960,734
"26-002","Jaime Kiersten Brennan","Colt Morningstar Black","Janie Monier","Josh Bokee","Chad King Wilson, Sr.","Veronica D. Lowe",999,990,770,758,728,577
