"precinct","candidate","votes"
"01-001","Chad King Wilson, Sr. (10072072.0001530)",762
"01-001","Colt Morningstar Black (10072072.0001100)",829
"01-001","Jaime Kiersten Brennan (10072072.0001390)",906
"01-001","Janie Monier (10072072.0001460)",884
"01-001","Josh Bokee (10072072.0001150)",853
"01-001","Veronica D. Lowe (10072072.0002200)",599
"01-001","or write-in:",60
"01-001","overvote",3
"01-001","undervote",1394
"01-001",NA,366
"01-002","Chad King Wilson, Sr. (10072072.0001530)",1318
"01-002","Colt Morningstar Black (10072072.0001100)",994
"01-002","Jaime Kiersten Brennan (10072072.0001390)",1157
"01-002","Janie Monier (10072072.0001460)",1419
"01-002","Josh Bokee (10072072.0001150)",1369
"01-002","Veronica D. Lowe (10072072.0002200)",1302
"01-002","or write-in:",90
"01-002","overvote",6
"01-002","undervote",1481
"01-002",NA,314
"01-003","Chad King Wilson, Sr. (10072072.0001530)",482
"01-003","Colt Morningstar Black (10072072.0001100)",569
"01-003","Jaime Kiersten Brennan (10072072.0001390)",605
"01-003","Janie Monier (10072072.0001460)",563
"01-003","Josh Bokee (10072072.0001150)",530
"01-003","Veronica D. Lowe (10072072.0002200)",365
"01-003","or write-in:",52
"01-003","overvote",2
"01-003","undervote",586
"01-003",NA,287
"02-001","Chad King Wilson, Sr. (10072072.0001530)",868
"02-001","Colt Morningstar Black (10072072.0001100)",427
"02-001","Jaime Kiersten Brennan (10072072.0001390)",577
"02-001","Janie Monier (10072072.0001460)",901
"02-001","Josh Bokee (10072072.0001150)",950
"02-001","Veronica D. Lowe (10072072.0002200)",849
"02-001","or write-in:",19
"02-001","overvote",6
"02-001","undervote",942
"02-001",NA,102
"02-002","Chad King Wilson, Sr. (10072072.0001530)",411
"02-002","Colt Morningstar Black (10072072.0001100)",187
"02-002","Jaime Kiersten Brennan (10072072.0001390)",211
"02-002","Janie Monier (10072072.0001460)",439
"02-002","Josh Bokee (10072072.0001150)",462
"02-002","Veronica D. Lowe (10072072.0002200)",278
"02-002","or write-in:",4
"02-002","overvote",1
"02-002","undervote",315
"02-002",NA,60
"02-003","Chad King Wilson, Sr. (10072072.0001530)",1168
"02-003","Colt Morningstar Black (10072072.0001100)",540
"02-003","Jaime Kiersten Brennan (10072072.0001390)",630
"02-003","Janie Monier (10072072.0001460)",1304
"02-003","Josh Bokee (10072072.0001150)",1382
"02-003","Veronica D. Lowe (10072072.0002200)",709
"02-003","or write-in:",20
"02-003","overvote",8
"02-003","undervote",1028
"02-003",NA,130
"02-004","Chad King Wilson, Sr. (10072072.0001530)",1003
"02-004","Colt Morningstar Black (10072072.0001100)",818
"02-004","Jaime Kiersten Brennan (10072072.0001390)",873
"02-004","Janie Monier (10072072.0001460)",1104
"02-004","Josh Bokee (10072072.0001150)",1068
"02-004","Veronica D. Lowe (10072072.0002200)",1249
"02-004","or write-in:",22
"02-004","overvote",5
"02-004","undervote",1339
"02-004",NA,178
"02-005","Chad King Wilson, Sr. (10072072.0001530)",1624
"02-005","Colt Morningstar Black (10072072.0001100)",586
"02-005","Jaime Kiersten Brennan (10072072.0001390)",674
"02-005","Janie Monier (10072072.0001460)",1753
"02-005","Josh Bokee (10072072.0001150)",1885
"02-005","Veronica D. Lowe (10072072.0002200)",793
"02-005","or write-in:",27
"02-005","overvote",5
"02-005","undervote",1050
"02-005",NA,169
"02-006","Chad King Wilson, Sr. (10072072.0001530)",658
"02-006","Colt Morningstar Black (10072072.0001100)",647
"02-006","Jaime Kiersten Brennan (10072072.0001390)",779
"02-006","Janie Monier (10072072.0001460)",764
"02-006","Josh Bokee (10072072.0001150)",730
"02-006","Veronica D. Lowe (10072072.0002200)",686
"02-006","or write-in:",56
"02-006","overvote",4
"02-006","undervote",824
"02-006",NA,201
"02-007","Chad King Wilson, Sr. (10072072.0001530)",1341
"02-007","Colt Morningstar Black (10072072.0001100)",746
"02-007","Jaime Kiersten Brennan (10072072.0001390)",852
"02-007","Janie Monier (10072072.0001460)",1493
"02-007","Josh Bokee (10072072.0001150)",1523
"02-007","Veronica D. Lowe (10072072.0002200)",1044
"02-007","or write-in:",42
"02-007","overvote",9
"02-007","undervote",1307
"02-007",NA,200
"02-008","Chad King Wilson, Sr. (10072072.0001530)",1113
"02-008","Colt Morningstar Black (10072072.0001100)",823
"02-008","Jaime Kiersten Brennan (10072072.0001390)",883
"02-008","Janie Monier (10072072.0001460)",1153
"02-008","Josh Bokee (10072072.0001150)",1237
"02-008","Veronica D. Lowe (10072072.0002200)",1204
"02-008","or write-in:",43
"02-008","overvote",7
"02-008","undervote",1251
"02-008",NA,206
"02-010","Chad King Wilson, Sr. (10072072.0001530)",1263
"02-010","Colt Morningstar Black (10072072.0001100)",952
"02-010","Jaime Kiersten Brennan (10072072.0001390)",1131
"02-010","Janie Monier (10072072.0001460)",1364
"02-010","Josh Bokee (10072072.0001150)",1413
"02-010","Veronica D. Lowe (10072072.0002200)",1202
"02-010","or write-in:",67
"02-010","overvote",11
"02-010","undervote",1361
"02-010",NA,328
"02-011","Chad King Wilson, Sr. (10072072.0001530)",840
"02-011","Colt Morningstar Black (10072072.0001100)",493
"02-011","Jaime Kiersten Brennan (10072072.0001390)",562
"02-011","Janie Monier (10072072.0001460)",872
"02-011","Josh Bokee (10072072.0001150)",917
"02-011","Veronica D. Lowe (10072072.0002200)",634
"02-011","or write-in:",29
"02-011","overvote",4
"02-011","undervote",804
"02-011",NA,106
"02-013","Chad King Wilson, Sr. (10072072.0001530)",1394
"02-013","Colt Morningstar Black (10072072.0001100)",934
"02-013","Jaime Kiersten Brennan (10072072.0001390)",1112
"02-013","Janie Monier (10072072.0001460)",1481
"02-013","Josh Bokee (10072072.0001150)",1511
"02-013","Veronica D. Lowe (10072072.0002200)",1746
"02-013","or write-in:",54
"02-013","overvote",5
"02-013","undervote",1588
"02-013",NA,210
"02-014","Chad King Wilson, Sr. (10072072.0001530)",743
"02-014","Colt Morningstar Black (10072072.0001100)",527
"02-014","Jaime Kiersten Brennan (10072072.0001390)",633
"02-014","Janie Monier (10072072.0001460)",813
"02-014","Josh Bokee (10072072.0001150)",793
"02-014","Veronica D. Lowe (10072072.0002200)",675
"02-014","or write-in:",29
"02-014","overvote",3
"02-014","undervote",809
"02-014",NA,143
"02-015","Chad King Wilson, Sr. (10072072.0001530)",1571
"02-015","Colt Morningstar Black (10072072.0001100)",1080
"02-015","Jaime Kiersten Brennan (10072072.0001390)",1237
"02-015","Janie Monier (10072072.0001460)",1768
"02-015","Josh Bokee (10072072.0001150)",1718
"02-015","Veronica D. Lowe (10072072.0002200)",1316
"02-015","or write-in:",62
"02-015","overvote",8
"02-015","undervote",1637
"02-015",NA,319
"02-016","Chad King Wilson, Sr. (10072072.0001530)",486
"02-016","Colt Morningstar Black (10072072.0001100)",335
"02-016","Jaime Kiersten Brennan (10072072.0001390)",412
"02-016","Janie Monier (10072072.0001460)",509
"02-016","Josh Bokee (10072072.0001150)",497
"02-016","Veronica D. Lowe (10072072.0002200)",576
"02-016","or write-in:",22
"02-016","overvote",1
"02-016","undervote",638
"02-016",NA,74
"02-018","Chad King Wilson, Sr. (10072072.0001530)",574
"02-018","Colt Morningstar Black (10072072.0001100)",367
"02-018","Jaime Kiersten Brennan (10072072.0001390)",470
"02-018","Janie Monier (10072072.0001460)",635
"02-018","Josh Bokee (10072072.0001150)",578
"02-018","Veronica D. Lowe (10072072.0002200)",536
"02-018","or write-in:",35
"02-018","overvote",1
"02-018","undervote",549
"02-018",NA,114
"03-001","Chad King Wilson, Sr. (10072072.0001530)",1158
"03-001","Colt Morningstar Black (10072072.0001100)",1485
"03-001","Jaime Kiersten Brennan (10072072.0001390)",1468
"03-001","Janie Monier (10072072.0001460)",1267
"03-001","Josh Bokee (10072072.0001150)",1197
"03-001","Veronica D. Lowe (10072072.0002200)",760
"03-001","or write-in:",151
"03-001","overvote",3
"03-001","undervote",1415
"03-001",NA,561
"03-002","Chad King Wilson, Sr. (10072072.0001530)",911
"03-002","Colt Morningstar Black (10072072.0001100)",1247
"03-002","Jaime Kiersten Brennan (10072072.0001390)",1230
"03-002","Janie Monier (10072072.0001460)",1038
"03-002","Josh Bokee (10072072.0001150)",989
"03-002","Veronica D. Lowe (10072072.0002200)",536
"03-002","or write-in:",156
"03-002","overvote",1
"03-002","undervote",1072
"03-002",NA,525
"04-001","Chad King Wilson, Sr. (10072072.0001530)",134
"04-001","Colt Morningstar Black (10072072.0001100)",385
"04-001","Jaime Kiersten Brennan (10072072.0001390)",334
"04-001","Janie Monier (10072072.0001460)",162
"04-001","Josh Bokee (10072072.0001150)",157
"04-001","Veronica D. Lowe (10072072.0002200)",119
"04-001","or write-in:",31
"04-001","undervote",341
"04-001",NA,128
"05-001","Chad King Wilson, Sr. (10072072.0001530)",526
"05-001","Colt Morningstar Black (10072072.0001100)",1279
"05-001","Jaime Kiersten Brennan (10072072.0001390)",1027
"05-001","Janie Monier (10072072.0001460)",620
"05-001","Josh Bokee (10072072.0001150)",607
"05-001","Veronica D. Lowe (10072072.0002200)",569
"05-001","or write-in:",70
"05-001","overvote",3
"05-001","undervote",1305
"05-001",NA,381
"05-002","Chad King Wilson, Sr. (10072072.0001530)",44
"05-002","Colt Morningstar Black (10072072.0001100)",154
"05-002","Jaime Kiersten Brennan (10072072.0001390)",128
"05-002","Janie Monier (10072072.0001460)",55
"05-002","Josh Bokee (10072072.0001150)",54
"05-002","Veronica D. Lowe (10072072.0002200)",48
"05-002","or write-in:",14
"05-002","undervote",133
"05-002",NA,52
"06-001","Chad King Wilson, Sr. (10072072.0001530)",273
"06-001","Colt Morningstar Black (10072072.0001100)",812
"06-001","Jaime Kiersten Brennan (10072072.0001390)",704
"06-001","Janie Monier (10072072.0001460)",312
"06-001","Josh Bokee (10072072.0001150)",321
"06-001","Veronica D. Lowe (10072072.0002200)",230
"06-001","or write-in:",67
"06-001","overvote",1
"06-001","undervote",661
"06-001",NA,318
"07-001","Chad King Wilson, Sr. (10072072.0001530)",816
"07-001","Colt Morningstar Black (10072072.0001100)",887
"07-001","Jaime Kiersten Brennan (10072072.0001390)",946
"07-001","Janie Monier (10072072.0001460)",999
"07-001","Josh Bokee (10072072.0001150)",893
"07-001","Veronica D. Lowe (10072072.0002200)",715
"07-001","or write-in:",73
"07-001","overvote",2
"07-001","undervote",1063
"07-001",NA,278
"07-002","Chad King Wilson, Sr. (10072072.0001530)",1396
"07-002","Colt Morningstar Black (10072072.0001100)",1126
"07-002","Jaime Kiersten Brennan (10072072.0001390)",1301
"07-002","Janie Monier (10072072.0001460)",1608
"07-002","Josh Bokee (10072072.0001150)",1500
"07-002","Veronica D. Lowe (10072072.0002200)",1119
"07-002","or write-in:",66
"07-002","overvote",7
"07-002","undervote",1483
"07-002",NA,348
"07-003","Chad King Wilson, Sr. (10072072.0001530)",708
"07-003","Colt Morningstar Black (10072072.0001100)",877
"07-003","Jaime Kiersten Brennan (10072072.0001390)",847
"07-003","Janie Monier (10072072.0001460)",825
"07-003","Josh Bokee (10072072.0001150)",772
"07-003","Veronica D. Lowe (10072072.0002200)",491
"07-003","or write-in:",63
"07-003","overvote",3
"07-003","undervote",942
"07-003",NA,331
"07-004","Chad King Wilson, Sr. (10072072.0001530)",774
"07-004","Colt Morningstar Black (10072072.0001100)",670
"07-004","Jaime Kiersten Brennan (10072072.0001390)",750
"07-004","Janie Monier (10072072.0001460)",944
"07-004","Josh Bokee (10072072.0001150)",823
"07-004","Veronica D. Lowe (10072072.0002200)",644
"07-004","or write-in:",49
"07-004","overvote",3
"07-004","undervote",951
"07-004",NA,194
"07-007","Chad King Wilson, Sr. (10072072.0001530)",364
"07-007","Colt Morningstar Black (10072072.0001100)",313
"07-007","Jaime Kiersten Brennan (10072072.0001390)",336
"07-007","Janie Monier (10072072.0001460)",413
"07-007","Josh Bokee (10072072.0001150)",353
"07-007","Veronica D. Lowe (10072072.0002200)",317
"07-007","or write-in:",15
"07-007","undervote",505
"07-007",NA,88
"08-001","Chad King Wilson, Sr. (10072072.0001530)",356
"08-001","Colt Morningstar Black (10072072.0001100)",772
"08-001","Jaime Kiersten Brennan (10072072.0001390)",709
"08-001","Janie Monier (10072072.0001460)",400
"08-001","Josh Bokee (10072072.0001150)",351
"08-001","Veronica D. Lowe (10072072.0002200)",304
"08-001","or write-in:",54
"08-001","overvote",1
"08-001","undervote",705
"08-001",NA,274
"09-001","Chad King Wilson, Sr. (10072072.0001530)",815
"09-001","Colt Morningstar Black (10072072.0001100)",1014
"09-001","Jaime Kiersten Brennan (10072072.0001390)",1054
"09-001","Janie Monier (10072072.0001460)",1001
"09-001","Josh Bokee (10072072.0001150)",860
"09-001","Veronica D. Lowe (10072072.0002200)",560
"09-001","or write-in:",55
"09-001","overvote",5
"09-001","undervote",1050
"09-001",NA,454
"09-002","Chad King Wilson, Sr. (10072072.0001530)",1165
"09-002","Colt Morningstar Black (10072072.0001100)",1652
"09-002","Jaime Kiersten Brennan (10072072.0001390)",1734
"09-002","Janie Monier (10072072.0001460)",1412
"09-002","Josh Bokee (10072072.0001150)",1283
"09-002","Veronica D. Lowe (10072072.0002200)",1049
"09-002","or write-in:",123
"09-002","overvote",5
"09-002","undervote",1623
"09-002",NA,656
"09-003","Chad King Wilson, Sr. (10072072.0001530)",736
"09-003","Colt Morningstar Black (10072072.0001100)",693
"09-003","Jaime Kiersten Brennan (10072072.0001390)",738
"09-003","Janie Monier (10072072.0001460)",823
"09-003","Josh Bokee (10072072.0001150)",793
"09-003","Veronica D. Lowe (10072072.0002200)",644
"09-003","or write-in:",44
"09-003","overvote",6
"09-003","undervote",864
"09-003",NA,215
"09-004","Chad King Wilson, Sr. (10072072.0001530)",775
"09-004","Colt Morningstar Black (10072072.0001100)",1202
"09-004","Jaime Kiersten Brennan (10072072.0001390)",1216
"09-004","Janie Monier (10072072.0001460)",927
"09-004","Josh Bokee (10072072.0001150)",865
"09-004","Veronica D. Lowe (10072072.0002200)",604
"09-004","or write-in:",83
"09-004","overvote",9
"09-004","undervote",1294
"09-004",NA,454
"09-005","Chad King Wilson, Sr. (10072072.0001530)",419
"09-005","Colt Morningstar Black (10072072.0001100)",506
"09-005","Jaime Kiersten Brennan (10072072.0001390)",505
"09-005","Janie Monier (10072072.0001460)",488
"09-005","Josh Bokee (10072072.0001150)",443
"09-005","Veronica D. Lowe (10072072.0002200)",273
"09-005","or write-in:",33
"09-005","overvote",1
"09-005","undervote",500
"09-005",NA,173
"09-006","Chad King Wilson, Sr. (10072072.0001530)",1331
"09-006","Colt Morningstar Black (10072072.0001100)",1282
"09-006","Jaime Kiersten Brennan (10072072.0001390)",1368
"09-006","Janie Monier (10072072.0001460)",1585
"09-006","Josh Bokee (10072072.0001150)",1483
"09-006","Veronica D. Lowe (10072072.0002200)",1093
"09-006","or write-in:",74
"09-006","overvote",6
"09-006","undervote",1667
"09-006",NA,407
"09-007","Chad King Wilson, Sr. (10072072.0001530)",1496
"09-007","Colt Morningstar Black (10072072.0001100)",1662
"09-007","Jaime Kiersten Brennan (10072072.0001390)",1774
"09-007","Janie Monier (10072072.0001460)",1736
"09-007","Josh Bokee (10072072.0001150)",1631
"09-007","Veronica D. Lowe (10072072.0002200)",1118
"09-007","or write-in:",124
"09-007","overvote",12
"09-007","undervote",1806
"09-007",NA,611
"10-001","Chad King Wilson, Sr. (10072072.0001530)",110
"10-001","Colt Morningstar Black (10072072.0001100)",369
"10-001","Jaime Kiersten Brennan (10072072.0001390)",305
"10-001","Janie Monier (10072072.0001460)",124
"10-001","Josh Bokee (10072072.0001150)",143
"10-001","Veronica D. Lowe (10072072.0002200)",88
"10-001","or write-in:",23
"10-001","undervote",331
"10-001",NA,144
"10-002","Chad King Wilson, Sr. (10072072.0001530)",124
"10-002","Colt Morningstar Black (10072072.0001100)",361
"10-002","Jaime Kiersten Brennan (10072072.0001390)",323
"10-002","Janie Monier (10072072.0001460)",134
"10-002","Josh Bokee (10072072.0001150)",120
"10-002","Veronica D. Lowe (10072072.0002200)",114
"10-002","or write-in:",43
"10-002","undervote",330
"10-002",NA,124
"11-001","Chad King Wilson, Sr. (10072072.0001530)",389
"11-001","Colt Morningstar Black (10072072.0001100)",1049
"11-001","Jaime Kiersten Brennan (10072072.0001390)",918
"11-001","Janie Monier (10072072.0001460)",496
"11-001","Josh Bokee (10072072.0001150)",485
"11-001","Veronica D. Lowe (10072072.0002200)",333
"11-001","or write-in:",72
"11-001","overvote",1
"11-001","undervote",924
"11-001",NA,426
"12-001","Chad King Wilson, Sr. (10072072.0001530)",988
"12-001","Colt Morningstar Black (10072072.0001100)",1090
"12-001","Jaime Kiersten Brennan (10072072.0001390)",1143
"12-001","Janie Monier (10072072.0001460)",1011
"12-001","Josh Bokee (10072072.0001150)",1027
"12-001","Veronica D. Lowe (10072072.0002200)",852
"12-001","or write-in:",68
"12-001","overvote",3
"12-001","undervote",1300
"12-001",NA,401
"13-001","Chad King Wilson, Sr. (10072072.0001530)",1472
"13-001","Colt Morningstar Black (10072072.0001100)",1506
"13-001","Jaime Kiersten Brennan (10072072.0001390)",1599
"13-001","Janie Monier (10072072.0001460)",1622
"13-001","Josh Bokee (10072072.0001150)",1576
"13-001","Veronica D. Lowe (10072072.0002200)",1009
"13-001","or write-in:",96
"13-001","overvote",5
"13-001","undervote",1849
"13-001",NA,498
"13-003","Chad King Wilson, Sr. (10072072.0001530)",166
"13-003","Colt Morningstar Black (10072072.0001100)",188
"13-003","Jaime Kiersten Brennan (10072072.0001390)",224
"13-003","Janie Monier (10072072.0001460)",182
"13-003","Josh Bokee (10072072.0001150)",182
"13-003","Veronica D. Lowe (10072072.0002200)",161
"13-003","or write-in:",8
"13-003","undervote",247
"13-003",NA,52
"14-001","Chad King Wilson, Sr. (10072072.0001530)",932
"14-001","Colt Morningstar Black (10072072.0001100)",1435
"14-001","Jaime Kiersten Brennan (10072072.0001390)",1427
"14-001","Janie Monier (10072072.0001460)",1116
"14-001","Josh Bokee (10072072.0001150)",1037
"14-001","Veronica D. Lowe (10072072.0002200)",722
"14-001","or write-in:",117
"14-001","overvote",1
"14-001","undervote",1403
"14-001",NA,599
"15-001","Chad King Wilson, Sr. (10072072.0001530)",111
"15-001","Colt Morningstar Black (10072072.0001100)",349
"15-001","Jaime Kiersten Brennan (10072072.0001390)",289
"15-001","Janie Monier (10072072.0001460)",149
"15-001","Josh Bokee (10072072.0001150)",123
"15-001","Veronica D. Lowe (10072072.0002200)",98
"15-001","or write-in:",27
"15-001","overvote",1
"15-001","undervote",304
"15-001",NA,104
"15-002","Chad King Wilson, Sr. (10072072.0001530)",965
"15-002","Colt Morningstar Black (10072072.0001100)",2251
"15-002","Jaime Kiersten Brennan (10072072.0001390)",2027
"15-002","Janie Monier (10072072.0001460)",1124
"15-002","Josh Bokee (10072072.0001150)",1042
"15-002","Veronica D. Lowe (10072072.0002200)",825
"15-002","or write-in:",192
"15-002","overvote",4
"15-002","undervote",1936
"15-002",NA,734
"15-003","Chad King Wilson, Sr. (10072072.0001530)",7
"15-003","Colt Morningstar Black (10072072.0001100)",38
"15-003","Jaime Kiersten Brennan (10072072.0001390)",24
"15-003","Janie Monier (10072072.0001460)",7
"15-003","Josh Bokee (10072072.0001150)",9
"15-003","Veronica D. Lowe (10072072.0002200)",10
"15-003","or write-in:",2
"15-003","undervote",29
"15-003",NA,10
"16-001","Chad King Wilson, Sr. (10072072.0001530)",763
"16-001","Colt Morningstar Black (10072072.0001100)",1213
"16-001","Jaime Kiersten Brennan (10072072.0001390)",1191
"16-001","Janie Monier (10072072.0001460)",846
"16-001","Josh Bokee (10072072.0001150)",794
"16-001","Veronica D. Lowe (10072072.0002200)",495
"16-001","or write-in:",133
"16-001","overvote",4
"16-001","undervote",1151
"16-001",NA,500
"17-001","Chad King Wilson, Sr. (10072072.0001530)",269
"17-001","Colt Morningstar Black (10072072.0001100)",658
"17-001","Jaime Kiersten Brennan (10072072.0001390)",529
"17-001","Janie Monier (10072072.0001460)",285
"17-001","Josh Bokee (10072072.0001150)",267
"17-001","Veronica D. Lowe (10072072.0002200)",224
"17-001","or write-in:",39
"17-001","overvote",1
"17-001","undervote",666
"17-001",NA,181
"18-001","Chad King Wilson, Sr. (10072072.0001530)",578
"18-001","Colt Morningstar Black (10072072.0001100)",844
"18-001","Jaime Kiersten Brennan (10072072.0001390)",952
"18-001","Janie Monier (10072072.0001460)",712
"18-001","Josh Bokee (10072072.0001150)",628
"18-001","Veronica D. Lowe (10072072.0002200)",434
"18-001","or write-in:",39
"18-001","overvote",2
"18-001","undervote",972
"18-001",NA,347
"18-002","Chad King Wilson, Sr. (10072072.0001530)",952
"18-002","Colt Morningstar Black (10072072.0001100)",1777
"18-002","Jaime Kiersten Brennan (10072072.0001390)",1801
"18-002","Janie Monier (10072072.0001460)",1176
"18-002","Josh Bokee (10072072.0001150)",1071
"18-002","Veronica D. Lowe (10072072.0002200)",771
"18-002","or write-in:",103
"18-002","overvote",10
"18-002","undervote",1745
"18-002",NA,703
"19-001","Chad King Wilson, Sr. (10072072.0001530)",214
"19-001","Colt Morningstar Black (10072072.0001100)",539
"19-001","Jaime Kiersten Brennan (10072072.0001390)",469
"19-001","Janie Monier (10072072.0001460)",262
"19-001","Josh Bokee (10072072.0001150)",248
"19-001","Veronica D. Lowe (10072072.0002200)",202
"19-001","or write-in:",36
"19-001","undervote",556
"19-001",NA,149
"20-001","Chad King Wilson, Sr. (10072072.0001530)",449
"20-001","Colt Morningstar Black (10072072.0001100)",966
"20-001","Jaime Kiersten Brennan (10072072.0001390)",889
"20-001","Janie Monier (10072072.0001460)",477
"20-001","Josh Bokee (10072072.0001150)",512
"20-001","Veronica D. Lowe (10072072.0002200)",344
"20-001","or write-in:",89
"20-001","overvote",2
"20-001","undervote",856
"20-001",NA,308
"21-001","Chad King Wilson, Sr. (10072072.0001530)",622
"21-001","Colt Morningstar Black (10072072.0001100)",758
"21-001","Jaime Kiersten Brennan (10072072.0001390)",760
"21-001","Janie Monier (10072072.0001460)",757
"21-001","Josh Bokee (10072072.0001150)",741
"21-001","Veronica D. Lowe (10072072.0002200)",492
"21-001","or write-in:",55
"21-001","overvote",1
"21-001","undervote",825
"21-001",NA,304
"21-002","Chad King Wilson, Sr. (10072072.0001530)",695
"21-002","Colt Morningstar Black (10072072.0001100)",464
"21-002","Jaime Kiersten Brennan (10072072.0001390)",526
"21-002","Janie Monier (10072072.0001460)",778
"21-002","Josh Bokee (10072072.0001150)",783
"21-002","Veronica D. Lowe (10072072.0002200)",555
"21-002","or write-in:",20
"21-002","overvote",3
"21-002","undervote",725
"21-002",NA,134
"21-003","Chad King Wilson, Sr. (10072072.0001530)",1508
"21-003","Colt Morningstar Black (10072072.0001100)",1342
"21-003","Jaime Kiersten Brennan (10072072.0001390)",1539
"21-003","Janie Monier (10072072.0001460)",1660
"21-003","Josh Bokee (10072072.0001150)",1696
"21-003","Veronica D. Lowe (10072072.0002200)",1603
"21-003","or write-in:",91
"21-003","overvote",8
"21-003","undervote",1657
"21-003",NA,469
"21-009","Chad King Wilson, Sr. (10072072.0001530)",114
"21-009","Colt Morningstar Black (10072072.0001100)",80
"21-009","Jaime Kiersten Brennan (10072072.0001390)",104
"21-009","Janie Monier (10072072.0001460)",116
"21-009","Josh Bokee (10072072.0001150)",117
"21-009","Veronica D. Lowe (10072072.0002200)",129
"21-009","or write-in:",2
"21-009","undervote",124
"21-009",NA,26
"22-001","Chad King Wilson, Sr. (10072072.0001530)",307
"22-001","Colt Morningstar Black (10072072.0001100)",403
"22-001","Jaime Kiersten Brennan (10072072.0001390)",373
"22-001","Janie Monier (10072072.0001460)",322
"22-001","Josh Bokee (10072072.0001150)",305
"22-001","Veronica D. Lowe (10072072.0002200)",214
"22-001","or write-in:",64
"22-001","overvote",1
"22-001","undervote",386
"22-001",NA,127
"23-001","Chad King Wilson, Sr. (10072072.0001530)",348
"23-001","Colt Morningstar Black (10072072.0001100)",472
"23-001","Jaime Kiersten Brennan (10072072.0001390)",512
"23-001","Janie Monier (10072072.0001460)",367
"23-001","Josh Bokee (10072072.0001150)",346
"23-001","Veronica D. Lowe (10072072.0002200)",269
"23-001","or write-in:",42
"23-001","overvote",1
"23-001","undervote",494
"23-001",NA,190
"23-002","Chad King Wilson, Sr. (10072072.0001530)",5
"23-002","Colt Morningstar Black (10072072.0001100)",5
"23-002","Jaime Kiersten Brennan (10072072.0001390)",5
"23-002","Janie Monier (10072072.0001460)",9
"23-002","Josh Bokee (10072072.0001150)",6
"23-002","Veronica D. Lowe (10072072.0002200)",8
"23-002","or write-in:",1
"23-002","undervote",12
"23-005","Chad King Wilson, Sr. (10072072.0001530)",1006
"23-005","Colt Morningstar Black (10072072.0001100)",855
"23-005","Jaime Kiersten Brennan (10072072.0001390)",982
"23-005","Janie Monier (10072072.0001460)",1080
"23-005","Josh Bokee (10072072.0001150)",1044
"23-005","Veronica D. Lowe (10072072.0002200)",1113
"23-005","or write-in:",74
"23-005","overvote",5
"23-005","undervote",1353
"23-005",NA,282
"24-001","Chad King Wilson, Sr. (10072072.0001530)",731
"24-001","Colt Morningstar Black (10072072.0001100)",702
"24-001","Jaime Kiersten Brennan (10072072.0001390)",705
"24-001","Janie Monier (10072072.0001460)",788
"24-001","Josh Bokee (10072072.0001150)",727
"24-001","Veronica D. Lowe (10072072.0002200)",433
"24-001","or write-in:",78
"24-001","undervote",788
"24-001",NA,299
"24-002","Chad King Wilson, Sr. (10072072.0001530)",625
"24-002","Colt Morningstar Black (10072072.0001100)",538
"24-002","Jaime Kiersten Brennan (10072072.0001390)",633
"24-002","Janie Monier (10072072.0001460)",675
"24-002","Josh Bokee (10072072.0001150)",633
"24-002","Veronica D. Lowe (10072072.0002200)",613
"24-002","or write-in:",39
"24-002","overvote",4
"24-002","undervote",678
"24-002",NA,189
"25-001","Chad King Wilson, Sr. (10072072.0001530)",903
"25-001","Colt Morningstar Black (10072072.0001100)",958
"25-001","Jaime Kiersten Brennan (10072072.0001390)",976
"25-001","Janie Monier (10072072.0001460)",1026
"25-001","Josh Bokee (10072072.0001150)",930
"25-001","Veronica D. Lowe (10072072.0002200)",811
"25-001","or write-in:",36
"25-001","overvote",3
"25-001","undervote",1167
"25-001",NA,363
"26-001","Chad King Wilson, Sr. (10072072.0001530)",960
"26-001","Colt Morningstar Black (10072072.0001100)",1250
"26-001","Jaime Kiersten Brennan (10072072.0001390)",1237
"26-001","Janie Monier (10072072.0001460)",1070
"26-001","Josh Bokee (10072072.0001150)",1048
"26-001","Veronica D. Lowe (10072072.0002200)",734
"26-001","or write-in:",65
"26-001","overvote",3
"26-001","undervote",1169
"26-001",NA,483
"26-002","Chad King Wilson, Sr. (10072072.0001530)",728
"26-002","Colt Morningstar Black (10072072.0001100)",990
"26-002","Jaime Kiersten Brennan (10072072.0001390)",999
"26-002","Janie Monier (10072072.0001460)",770
"26-002","Josh Bokee (10072072.0001150)",758
"26-002","Veronica D. Lowe (10072072.0002200)",577
"26-002","or write-in:",83
"26-002","overvote",2
"26-002","undervote",861
"26-002",NA,406
